lexical_category_qid	feature_bundle	forms	lexemes	representations	distinct_values
Q102047		290	290	290	288
Q102047	Q107614077	2	2	2	2
Q102047	Q110786	1	1	1	1
Q102047	Q110786|Q131105	12	10	12	12
Q102047	Q110786|Q145599	11	9	11	11
Q102047	Q110786|Q146078	11	9	11	11
Q102047	Q110786|Q146233	13	10	13	13
Q102047	Q131105|Q146786	11	9	11	11
Q102047	Q145599|Q146786	11	9	11	11
Q102047	Q146078|Q146786	11	9	11	11
Q102047	Q146233|Q146786	11	9	11	11
Q102047	Q146786	1	1	1	1
Q102047	Q3482678	1	1	1	1
Q102786		3	3	3	3
Q102786	Q110786|Q131105	2	2	2	2
Q102786	Q110786|Q145599	1	1	1	1
Q102786	Q110786|Q146078	1	1	1	1
Q102786	Q110786|Q146233	1	1	1	1
Q1050744		2	2	2	2
Q1050744	Q110786|Q131105|Q1775415	1	1	1	1
Q1050744	Q110786|Q131105|Q1775461	1	1	1	1
Q1050744	Q110786|Q131105|Q499327	1	1	1	1
Q1050744	Q110786|Q145599|Q1775415	1	1	1	1
Q1050744	Q110786|Q145599|Q1775461	1	1	1	1
Q1050744	Q110786|Q145599|Q499327	1	1	1	1
Q1050744	Q110786|Q146078|Q1775415	1	1	1	1
Q1050744	Q110786|Q146078|Q1775461	1	1	1	1
Q1050744	Q110786|Q146078|Q499327	1	1	1	1
Q1050744	Q110786|Q146233|Q1775415	1	1	1	1
Q1050744	Q110786|Q146233|Q1775461	1	1	1	1
Q1050744	Q110786|Q146233|Q499327	1	1	1	1
Q1050744	Q131105	1	1	1	1
Q1050744	Q131105|Q146786	1	1	1	1
Q1050744	Q145599|Q146786	1	1	1	1
Q1050744	Q146078|Q146786	1	1	1	1
Q1050744	Q146233|Q146786	1	1	1	1
Q1084		45	40	45	45
Q1084	Q102786	1	1	1	1
Q1084	Q107614077	376	370	376	374
Q1084	Q110786	25	25	25	25
Q1084	Q110786|Q131105	178837	177573	178910	178571
Q1084	Q110786|Q131105|Q145599|Q146078	1	1	1	1
Q1084	Q110786|Q131105|Q3481903	1	1	1	1
Q1084	Q110786|Q131105|Q56352306	3	3	3	3
Q1084	Q110786|Q131105|Q7977953	2	2	2	2
Q1084	Q110786|Q145599	180471	177526	180541	180152
Q1084	Q110786|Q145599|Q55094451	2	2	2	1
Q1084	Q110786|Q145599|Q56352306	3	3	3	3
Q1084	Q110786|Q145599|Q7977953	1	1	1	1
Q1084	Q110786|Q146078	178905	177504	178975	178612
Q1084	Q110786|Q146078|Q56352306	3	3	3	3
Q1084	Q110786|Q146078|Q7977953	1	1	1	1
Q1084	Q110786|Q146233	208743	177533	208804	208429
Q1084	Q110786|Q146233|Q56352306	4	3	4	4
Q1084	Q110786|Q146233|Q7977953	1	1	1	1
Q1084	Q131105	26	24	26	26
Q1084	Q131105|Q146078|Q146233	1	1	1	1
Q1084	Q131105|Q146078|Q146233|Q146786	1	1	1	1
Q1084	Q131105|Q146786	163482	160107	163532	162789
Q1084	Q131105|Q146786|Q3481903	3	3	3	2
Q1084	Q131105|Q146786|Q56352306	2	2	2	2
Q1084	Q131105|Q146786|Q7977953	3	3	3	2
Q1084	Q145599	2	2	2	2
Q1084	Q145599|Q146786	161961	160085	162011	161042
Q1084	Q145599|Q146786|Q3481903	1	1	1	1
Q1084	Q145599|Q146786|Q56352306	2	2	2	2
Q1084	Q145599|Q146786|Q7977953	1	1	1	1
Q1084	Q146078	8	8	8	8
Q1084	Q146078|Q146786	163443	160076	163493	162753
Q1084	Q146078|Q146786|Q3481903	3	3	3	2
Q1084	Q146078|Q146786|Q56352306	2	2	2	2
Q1084	Q146078|Q146786|Q7977953	3	3	3	2
Q1084	Q146233	1	1	1	1
Q1084	Q146233|Q146786	163452	160083	163502	162767
Q1084	Q146233|Q146786|Q3481903	3	3	3	2
Q1084	Q146233|Q146786|Q56352306	2	2	2	2
Q1084	Q146233|Q146786|Q7977953	3	3	3	2
Q1084	Q146786	27	27	27	27
Q10976085		5	5	5	5
Q10976085	Q179230	1	1	1	1
Q1122269		4	4	4	4
Q1153504		1	1	1	1
Q12355361		2	1	2	2
Q126473		5	5	5	5
Q126473	Q145599|Q1775415	1	1	1	1
Q126473	Q145599|Q1775461	13	13	13	13
Q126473	Q145599|Q499327	13	13	13	13
Q126473	Q146078|Q1775461	9	9	9	9
Q134830		332	330	332	331
Q134830	Q57156426	2	1	2	2
Q134830	Q57156560	2	1	2	2
Q1401131		2	2	2	2
Q1401131	Q110786|Q131105	7	7	7	7
Q1401131	Q110786|Q145599	7	7	7	7
Q1401131	Q110786|Q146078	7	7	7	7
Q1401131	Q110786|Q146233	8	7	8	8
Q1401131	Q131105|Q146786	4	4	4	4
Q1401131	Q145599|Q146786	4	4	4	4
Q1401131	Q146078|Q146786	4	4	4	4
Q1401131	Q146233|Q146786	4	4	4	4
Q147276		86	80	86	86
Q147276	Q110786|Q131105	1028	1023	1032	1023
Q147276	Q110786|Q145599	1057	1048	1062	1053
Q147276	Q110786|Q145599|Q1775415	1	1	1	1
Q147276	Q110786|Q145599|Q499327	1	1	1	1
Q147276	Q110786|Q146078	1024	1019	1028	1019
Q147276	Q110786|Q146233	1650	1006	1656	1642
Q147276	Q110786|Q146233|Q1775415	7	7	7	7
Q147276	Q110786|Q146233|Q499327	7	7	7	7
Q147276	Q131105	22	22	22	22
Q147276	Q131105|Q146786	123	111	123	123
Q147276	Q145599	21	21	21	21
Q147276	Q145599|Q146786	123	111	123	123
Q147276	Q146078	21	21	21	21
Q147276	Q146078|Q146786	123	111	123	123
Q147276	Q146233	104	95	105	105
Q147276	Q146233|Q146786	124	111	124	124
Q1502460		30	8	30	26
Q1502460	Q110786|Q131105|Q1775415	5	5	5	5
Q1502460	Q110786|Q131105|Q1775461	4	4	4	4
Q1502460	Q110786|Q131105|Q499327	5	5	5	5
Q1502460	Q110786|Q145599|Q1775415	1	1	1	1
Q1502460	Q110786|Q145599|Q1775461	1	1	1	1
Q1502460	Q110786|Q145599|Q499327	2	2	2	2
Q1502460	Q110786|Q146078|Q1775415	1	1	1	1
Q1502460	Q110786|Q146078|Q1775461	1	1	1	1
Q1502460	Q110786|Q146078|Q499327	1	1	1	1
Q1502460	Q110786|Q146233|Q1775415	2	2	2	2
Q1502460	Q110786|Q146233|Q1775461	1	1	1	1
Q1502460	Q110786|Q146233|Q499327	2	2	2	2
Q1502460	Q131105|Q146786	4	4	4	4
Q1502460	Q145599|Q146786	2	2	2	2
Q1502460	Q146078|Q146786	1	1	1	1
Q1502460	Q146233|Q146786	1	1	1	1
Q161873		1	1	1	1
Q184511		1	1	1	1
Q184511	Q100952920	1	1	1	1
Q184511	Q10345583	1	1	1	1
Q184511	Q110786|Q1317831|Q192613|Q21714344|Q55685962	1	1	1	1
Q184511	Q110786|Q1317831|Q192613|Q21714344|Q682111	1	1	1	1
Q184511	Q110786|Q1317831|Q192613|Q22716|Q51929049	1	1	1	1
Q184511	Q110786|Q1317831|Q192613|Q51929049|Q55685962	1	1	1	1
Q184511	Q110786|Q1317831|Q192613|Q51929049|Q682111	1	1	1	1
Q184511	Q110786|Q1317831|Q192613|Q51929074|Q55685962	1	1	1	1
Q184511	Q110786|Q1317831|Q192613|Q51929074|Q682111	1	1	1	1
Q184511	Q110786|Q1317831|Q21714344|Q442485|Q54671845	1	1	1	1
Q184511	Q110786|Q1317831|Q21714344|Q442485|Q682111	1	1	1	1
Q184511	Q110786|Q1317831|Q442485|Q51929049|Q54671845	1	1	1	1
Q184511	Q110786|Q1317831|Q442485|Q51929049|Q682111	1	1	1	1
Q184511	Q110786|Q1317831|Q442485|Q51929074|Q54671845	1	1	1	1
Q184511	Q110786|Q1317831|Q442485|Q51929074|Q682111	1	1	1	1
Q184511	Q12717679	1	1	1	1
Q184511	Q1317831|Q146786|Q192613|Q21714344|Q55685962	1	1	1	1
Q184511	Q1317831|Q146786|Q192613|Q21714344|Q682111	1	1	1	1
Q184511	Q1317831|Q146786|Q192613|Q22716|Q51929049	1	1	1	1
Q184511	Q1317831|Q146786|Q192613|Q51929049|Q55685962	1	1	1	1
Q184511	Q1317831|Q146786|Q192613|Q51929049|Q682111	1	1	1	1
Q184511	Q1317831|Q146786|Q192613|Q51929074|Q55685962	1	1	1	1
Q184511	Q1317831|Q146786|Q192613|Q51929074|Q682111	1	1	1	1
Q184511	Q1317831|Q146786|Q21714344|Q442485|Q54671845	1	1	1	1
Q184511	Q1317831|Q146786|Q21714344|Q442485|Q682111	1	1	1	1
Q184511	Q1317831|Q146786|Q442485|Q51929049|Q54671845	2	1	2	2
Q184511	Q1317831|Q146786|Q442485|Q51929049|Q682111	1	1	1	1
Q184511	Q1317831|Q146786|Q442485|Q51929074|Q54671845	1	1	1	1
Q184511	Q1317831|Q146786|Q442485|Q51929074|Q682111	1	1	1	1
Q184511	Q179230	1	1	1	1
Q184943		70	70	70	68
Q187931		14	12	14	14
Q1964223		1	1	1	1
Q1964223	Q102786	1	1	1	1
Q24905		5	5	5	5
Q24905	Q100952920	10696	10696	10696	10686
Q24905	Q100952920|Q1317831|Q625420	1	1	1	1
Q24905	Q100952920|Q192613	7	7	7	6
Q24905	Q100952920|Q192613|Q55698471	1	1	1	1
Q24905	Q100952920|Q192613|Q55698475	1	1	1	1
Q24905	Q100952920|Q55698471|Q625420	1	1	1	1
Q24905	Q100952920|Q55698475|Q625420	1	1	1	1
Q24905	Q100952920|Q625420	5	5	5	5
Q24905	Q10345583	16303	16303	16303	16287
Q24905	Q10345583|Q1317831|Q192613	2	2	2	2
Q24905	Q110786|Q1317831|Q146786|Q192613|Q22716|Q51929049	1	1	1	1
Q24905	Q110786|Q1317831|Q192613|Q21714344	1	1	1	1
Q24905	Q110786|Q1317831|Q192613|Q21714344|Q55685962	21661	18634	21661	21636
Q24905	Q110786|Q1317831|Q192613|Q21714344|Q682111	21941	18891	21942	21923
Q24905	Q110786|Q1317831|Q192613|Q22716|Q371427|Q51929049	1	1	1	1
Q24905	Q110786|Q1317831|Q192613|Q22716|Q51929049	34805	18549	34807	34773
Q24905	Q110786|Q1317831|Q192613|Q22716|Q51929049|Q55228835	1	1	1	1
Q24905	Q110786|Q1317831|Q192613|Q22716|Q51929049|Q682111	1	1	1	1
Q24905	Q110786|Q1317831|Q192613|Q51929049|Q55685962	20314	18634	20314	20299
Q24905	Q110786|Q1317831|Q192613|Q51929049|Q682111	18771	18764	18774	18711
Q24905	Q110786|Q1317831|Q192613|Q51929074|Q55685962	21667	18639	21667	21649
Q24905	Q110786|Q1317831|Q192613|Q51929074|Q682111	18777	18767	18780	18748
Q24905	Q110786|Q1317831|Q21714344|Q3481903|Q442485|Q54671845	1	1	1	1
Q24905	Q110786|Q1317831|Q21714344|Q3481903|Q442485|Q682111	1	1	1	1
Q24905	Q110786|Q1317831|Q21714344|Q442485|Q54671845	18762	18632	18764	18738
Q24905	Q110786|Q1317831|Q21714344|Q442485|Q54671845|Q7977953	1	1	1	1
Q24905	Q110786|Q1317831|Q21714344|Q442485|Q682111	18943	18809	18945	18815
Q24905	Q110786|Q1317831|Q21714344|Q442485|Q682111|Q7977953	1	1	1	1
Q24905	Q110786|Q1317831|Q21714344|Q501405|Q682111	3	3	3	3
Q24905	Q110786|Q1317831|Q21714344|Q623742|Q682111	4	4	4	4
Q24905	Q110786|Q1317831|Q21714344|Q625420|Q682111	4	4	4	4
Q24905	Q110786|Q1317831|Q22716	4	2	4	4
Q24905	Q110786|Q1317831|Q3481903|Q442485|Q51929049|Q54671845	1	1	1	1
Q24905	Q110786|Q1317831|Q3481903|Q442485|Q51929049|Q682111	1	1	1	1
Q24905	Q110786|Q1317831|Q3481903|Q442485|Q51929074|Q54671845	1	1	1	1
Q24905	Q110786|Q1317831|Q3481903|Q442485|Q51929074|Q682111	1	1	1	1
Q24905	Q110786|Q1317831|Q442485|Q51929049|Q54671845	18886	18632	18888	18860
Q24905	Q110786|Q1317831|Q442485|Q51929049|Q54671845|Q7977953	1	1	1	1
Q24905	Q110786|Q1317831|Q442485|Q51929049|Q682111	19959	18807	19961	19821
Q24905	Q110786|Q1317831|Q442485|Q51929049|Q682111|Q7977953	1	1	1	1
Q24905	Q110786|Q1317831|Q442485|Q51929074|Q54671845	18767	18637	18769	18742
Q24905	Q110786|Q1317831|Q442485|Q51929074|Q54671845|Q7977953	1	1	1	1
Q24905	Q110786|Q1317831|Q442485|Q51929074|Q682111	18949	18816	18951	18820
Q24905	Q110786|Q1317831|Q442485|Q51929074|Q682111|Q7977953	1	1	1	1
Q24905	Q110786|Q1317831|Q501405|Q51929049|Q682111	3	3	3	3
Q24905	Q110786|Q1317831|Q501405|Q51929074|Q682111	3	3	3	3
Q24905	Q110786|Q1317831|Q51929049|Q623742|Q682111	4	4	4	4
Q24905	Q110786|Q1317831|Q51929049|Q625420|Q682111	4	4	4	4
Q24905	Q110786|Q1317831|Q51929074|Q623742|Q682111	4	4	4	4
Q24905	Q110786|Q1317831|Q51929074|Q625420|Q682111	4	4	4	4
Q24905	Q110786|Q192613|Q21714344	9	9	9	7
Q24905	Q110786|Q192613|Q21714344|Q55685962	1	1	1	1
Q24905	Q110786|Q192613|Q21714344|Q55698471	1	1	1	1
Q24905	Q110786|Q192613|Q21714344|Q55698475|Q682111	1	1	1	1
Q24905	Q110786|Q192613|Q21714344|Q682111	15	15	15	13
Q24905	Q110786|Q192613|Q22716	7	3	7	7
Q24905	Q110786|Q192613|Q51929049	9	9	9	7
Q24905	Q110786|Q192613|Q51929049|Q55685962	1	1	1	1
Q24905	Q110786|Q192613|Q51929049|Q55698471|Q682111	1	1	1	1
Q24905	Q110786|Q192613|Q51929049|Q55698475|Q682111	1	1	1	1
Q24905	Q110786|Q192613|Q51929049|Q682111	14	14	14	12
Q24905	Q110786|Q192613|Q51929074	9	9	9	7
Q24905	Q110786|Q192613|Q51929074|Q55685962	1	1	1	1
Q24905	Q110786|Q192613|Q51929074|Q55698475|Q682111	1	1	1	1
Q24905	Q110786|Q192613|Q51929074|Q682111	17	17	17	15
Q24905	Q110786|Q21714344|Q442485	8	8	8	6
Q24905	Q110786|Q21714344|Q442485|Q54671845	1	1	1	1
Q24905	Q110786|Q21714344|Q442485|Q55698471|Q682111	1	1	1	1
Q24905	Q110786|Q21714344|Q442485|Q55698475|Q682111	1	1	1	1
Q24905	Q110786|Q21714344|Q442485|Q682111	14	14	14	12
Q24905	Q110786|Q21714344|Q501405	6	6	6	4
Q24905	Q110786|Q21714344|Q501405|Q55698471|Q682111	1	1	1	1
Q24905	Q110786|Q21714344|Q501405|Q55698475|Q682111	1	1	1	1
Q24905	Q110786|Q21714344|Q501405|Q682111	6	6	6	5
Q24905	Q110786|Q21714344|Q55698471|Q623742|Q682111	1	1	1	1
Q24905	Q110786|Q21714344|Q55698471|Q625420|Q682111	1	1	1	1
Q24905	Q110786|Q21714344|Q55698475|Q623742|Q682111	1	1	1	1
Q24905	Q110786|Q21714344|Q55698475|Q625420|Q682111	1	1	1	1
Q24905	Q110786|Q21714344|Q623742	2	2	2	2
Q24905	Q110786|Q21714344|Q623742|Q682111	8	8	8	8
Q24905	Q110786|Q21714344|Q625420	3	3	3	3
Q24905	Q110786|Q21714344|Q625420|Q682111	9	9	9	9
Q24905	Q110786|Q22716	3	2	3	3
Q24905	Q110786|Q22716|Q625420	1	1	1	1
Q24905	Q110786|Q371427	1	1	1	1
Q24905	Q110786|Q442485|Q51929049	8	8	8	6
Q24905	Q110786|Q442485|Q51929049|Q54671845	2	1	2	2
Q24905	Q110786|Q442485|Q51929049|Q55698471|Q682111	1	1	1	1
Q24905	Q110786|Q442485|Q51929049|Q55698475|Q682111	1	1	1	1
Q24905	Q110786|Q442485|Q51929049|Q682111	19	17	19	17
Q24905	Q110786|Q442485|Q51929074	8	8	8	6
Q24905	Q110786|Q442485|Q51929074|Q54671845	1	1	1	1
Q24905	Q110786|Q442485|Q51929074|Q55698471|Q682111	1	1	1	1
Q24905	Q110786|Q442485|Q51929074|Q55698475|Q682111	1	1	1	1
Q24905	Q110786|Q442485|Q51929074|Q682111	15	15	15	13
Q24905	Q110786|Q501405|Q51929049	6	6	6	4
Q24905	Q110786|Q501405|Q51929049|Q55698471|Q682111	1	1	1	1
Q24905	Q110786|Q501405|Q51929049|Q55698475|Q682111	1	1	1	1
Q24905	Q110786|Q501405|Q51929049|Q682111	6	6	6	5
Q24905	Q110786|Q501405|Q51929074	6	6	6	4
Q24905	Q110786|Q501405|Q51929074|Q55698471|Q682111	1	1	1	1
Q24905	Q110786|Q501405|Q51929074|Q55698475|Q682111	1	1	1	1
Q24905	Q110786|Q501405|Q51929074|Q682111	6	6	6	5
Q24905	Q110786|Q51929049|Q55698471|Q623742|Q682111	1	1	1	1
Q24905	Q110786|Q51929049|Q55698471|Q625420|Q682111	1	1	1	1
Q24905	Q110786|Q51929049|Q55698475|Q623742|Q682111	1	1	1	1
Q24905	Q110786|Q51929049|Q55698475|Q625420|Q682111	1	1	1	1
Q24905	Q110786|Q51929049|Q623742	2	2	2	2
Q24905	Q110786|Q51929049|Q623742|Q682111	9	8	9	9
Q24905	Q110786|Q51929049|Q625420	3	3	3	3
Q24905	Q110786|Q51929049|Q625420|Q682111	9	9	9	9
Q24905	Q110786|Q51929074|Q55698471|Q623742|Q682111	1	1	1	1
Q24905	Q110786|Q51929074|Q55698471|Q625420|Q682111	1	1	1	1
Q24905	Q110786|Q51929074|Q55698475|Q623742|Q682111	1	1	1	1
Q24905	Q110786|Q51929074|Q55698475|Q625420|Q682111	1	1	1	1
Q24905	Q110786|Q51929074|Q623742	2	2	2	2
Q24905	Q110786|Q51929074|Q623742|Q682111	10	9	10	10
Q24905	Q110786|Q51929074|Q625420	3	3	3	3
Q24905	Q110786|Q51929074|Q625420|Q682111	10	10	10	10
Q24905	Q126729404	1	1	1	1
Q24905	Q12717679	18785	18666	18787	18720
Q24905	Q12717679|Q1317831	2	2	2	2
Q24905	Q12717679|Q3481903	1	1	1	1
Q24905	Q12717679|Q7977953	1	1	1	1
Q24905	Q1317831|Q146786|Q192613|Q21714344|Q55685962	18633	18633	18633	18618
Q24905	Q1317831|Q146786|Q192613|Q21714344|Q682111	18748	18748	18748	18731
Q24905	Q1317831|Q146786|Q192613|Q22716|Q371427|Q51929049	1	1	1	1
Q24905	Q1317831|Q146786|Q192613|Q22716|Q51929049	18551	18549	18553	18537
Q24905	Q1317831|Q146786|Q192613|Q51929049|Q55685962	20311	18633	20311	20296
Q24905	Q1317831|Q146786|Q192613|Q51929049|Q682111	18750	18746	18753	18735
Q24905	Q1317831|Q146786|Q192613|Q51929074|Q55685962	18638	18638	18638	18622
Q24905	Q1317831|Q146786|Q192613|Q51929074|Q682111	18751	18751	18751	18733
Q24905	Q1317831|Q146786|Q21714344|Q3481903|Q442485|Q54671845	1	1	1	1
Q24905	Q1317831|Q146786|Q21714344|Q3481903|Q442485|Q682111	1	1	1	1
Q24905	Q1317831|Q146786|Q21714344|Q442485|Q54671845	18762	18632	18764	18738
Q24905	Q1317831|Q146786|Q21714344|Q442485|Q54671845|Q7977953	1	1	1	1
Q24905	Q1317831|Q146786|Q21714344|Q442485|Q682111	18939	18806	18941	18809
Q24905	Q1317831|Q146786|Q21714344|Q442485|Q682111|Q7977953	1	1	1	1
Q24905	Q1317831|Q146786|Q21714344|Q501405|Q682111	3	3	3	3
Q24905	Q1317831|Q146786|Q21714344|Q623742|Q682111	4	4	4	4
Q24905	Q1317831|Q146786|Q21714344|Q625420|Q682111	4	4	4	4
Q24905	Q1317831|Q146786|Q22716	2	2	2	2
Q24905	Q1317831|Q146786|Q3481903|Q442485|Q51929049|Q54671845	1	1	1	1
Q24905	Q1317831|Q146786|Q3481903|Q442485|Q51929049|Q682111	1	1	1	1
Q24905	Q1317831|Q146786|Q3481903|Q442485|Q51929074|Q54671845	1	1	1	1
Q24905	Q1317831|Q146786|Q3481903|Q442485|Q51929074|Q682111	1	1	1	1
Q24905	Q1317831|Q146786|Q442485|Q51929049|Q54671845	18881	18632	18883	18856
Q24905	Q1317831|Q146786|Q442485|Q51929049|Q54671845|Q7977953	1	1	1	1
Q24905	Q1317831|Q146786|Q442485|Q51929049|Q682111	18939	18805	18941	18811
Q24905	Q1317831|Q146786|Q442485|Q51929049|Q682111|Q7977953	1	1	1	1
Q24905	Q1317831|Q146786|Q442485|Q51929074|Q54671845	18767	18637	18769	18742
Q24905	Q1317831|Q146786|Q442485|Q51929074|Q54671845|Q7977953	1	1	1	1
Q24905	Q1317831|Q146786|Q442485|Q51929074|Q682111	18946	18813	18948	18815
Q24905	Q1317831|Q146786|Q442485|Q51929074|Q682111|Q7977953	1	1	1	1
Q24905	Q1317831|Q146786|Q501405|Q51929049|Q682111	3	3	3	3
Q24905	Q1317831|Q146786|Q501405|Q51929074|Q682111	3	3	3	3
Q24905	Q1317831|Q146786|Q51929049|Q623742|Q682111	4	4	4	4
Q24905	Q1317831|Q146786|Q51929049|Q625420|Q682111	4	4	4	4
Q24905	Q1317831|Q146786|Q51929074|Q623742|Q682111	4	4	4	4
Q24905	Q1317831|Q146786|Q51929074|Q625420|Q682111	4	4	4	4
Q24905	Q1317831|Q179230	2	2	2	2
Q24905	Q1317831|Q179230|Q192613	3	3	3	3
Q24905	Q1317831|Q179230|Q625420	2	2	2	2
Q24905	Q1317831|Q192613|Q22716|Q51929049	2	2	2	2
Q24905	Q1424306|Q179230	1	1	1	1
Q24905	Q146786|Q192613|Q21714344	9	9	9	7
Q24905	Q146786|Q192613|Q21714344|Q55685962	1	1	1	1
Q24905	Q146786|Q192613|Q21714344|Q55685962|Q682111	1	1	1	1
Q24905	Q146786|Q192613|Q21714344|Q55698471	1	1	1	1
Q24905	Q146786|Q192613|Q21714344|Q55698475|Q682111	1	1	1	1
Q24905	Q146786|Q192613|Q21714344|Q682111	13	13	13	11
Q24905	Q146786|Q192613|Q22716	3	3	3	3
Q24905	Q146786|Q192613|Q51929049	9	9	9	7
Q24905	Q146786|Q192613|Q51929049|Q55685962	1	1	1	1
Q24905	Q146786|Q192613|Q51929049|Q55685962|Q682111	1	1	1	1
Q24905	Q146786|Q192613|Q51929049|Q55698471	1	1	1	1
Q24905	Q146786|Q192613|Q51929049|Q55698475|Q682111	1	1	1	1
Q24905	Q146786|Q192613|Q51929049|Q682111	14	14	14	12
Q24905	Q146786|Q192613|Q51929074	9	9	9	7
Q24905	Q146786|Q192613|Q51929074|Q55685962	1	1	1	1
Q24905	Q146786|Q192613|Q51929074|Q55685962|Q682111	1	1	1	1
Q24905	Q146786|Q192613|Q51929074|Q55698471	1	1	1	1
Q24905	Q146786|Q192613|Q51929074|Q55698471|Q682111	1	1	1	1
Q24905	Q146786|Q192613|Q51929074|Q55698475|Q682111	1	1	1	1
Q24905	Q146786|Q192613|Q51929074|Q682111	14	14	14	12
Q24905	Q146786|Q21714344|Q22716	1	1	1	1
Q24905	Q146786|Q21714344|Q442485	8	8	8	6
Q24905	Q146786|Q21714344|Q442485|Q54671845	1	1	1	1
Q24905	Q146786|Q21714344|Q442485|Q55698471|Q682111	1	1	1	1
Q24905	Q146786|Q21714344|Q442485|Q55698475|Q682111	1	1	1	1
Q24905	Q146786|Q21714344|Q442485|Q682111	15	15	15	13
Q24905	Q146786|Q21714344|Q501405	6	6	6	4
Q24905	Q146786|Q21714344|Q501405|Q55698471|Q682111	1	1	1	1
Q24905	Q146786|Q21714344|Q501405|Q55698475|Q682111	1	1	1	1
Q24905	Q146786|Q21714344|Q501405|Q682111	6	6	6	5
Q24905	Q146786|Q21714344|Q55698471|Q623742|Q682111	1	1	1	1
Q24905	Q146786|Q21714344|Q55698471|Q625420|Q682111	1	1	1	1
Q24905	Q146786|Q21714344|Q55698475|Q623742|Q682111	1	1	1	1
Q24905	Q146786|Q21714344|Q55698475|Q625420|Q682111	1	1	1	1
Q24905	Q146786|Q21714344|Q623742	2	2	2	2
Q24905	Q146786|Q21714344|Q623742|Q682111	8	8	8	8
Q24905	Q146786|Q21714344|Q625420	3	3	3	3
Q24905	Q146786|Q21714344|Q625420|Q682111	8	8	8	8
Q24905	Q146786|Q22716	3	3	3	3
Q24905	Q146786|Q22716|Q51929074	1	1	1	1
Q24905	Q146786|Q22716|Q625420	1	1	1	1
Q24905	Q146786|Q442485|Q51929049	8	8	8	6
Q24905	Q146786|Q442485|Q51929049|Q54671845	2	1	2	2
Q24905	Q146786|Q442485|Q51929049|Q55698471|Q682111	1	1	1	1
Q24905	Q146786|Q442485|Q51929049|Q55698475|Q682111	1	1	1	1
Q24905	Q146786|Q442485|Q51929049|Q682111	13	13	13	11
Q24905	Q146786|Q442485|Q51929074	8	8	8	6
Q24905	Q146786|Q442485|Q51929074|Q54671845	1	1	1	1
Q24905	Q146786|Q442485|Q51929074|Q55698471|Q682111	1	1	1	1
Q24905	Q146786|Q442485|Q51929074|Q55698475|Q682111	1	1	1	1
Q24905	Q146786|Q442485|Q51929074|Q682111	15	15	15	13
Q24905	Q146786|Q501405|Q51929049	7	6	7	5
Q24905	Q146786|Q501405|Q51929049|Q55698471|Q682111	1	1	1	1
Q24905	Q146786|Q501405|Q51929049|Q55698475|Q682111	1	1	1	1
Q24905	Q146786|Q501405|Q51929049|Q682111	6	6	6	5
Q24905	Q146786|Q501405|Q51929074	5	5	5	4
Q24905	Q146786|Q501405|Q51929074|Q55698471|Q682111	1	1	1	1
Q24905	Q146786|Q501405|Q51929074|Q55698475|Q682111	1	1	1	1
Q24905	Q146786|Q501405|Q51929074|Q682111	6	6	6	5
Q24905	Q146786|Q51929049|Q55698471|Q623742|Q682111	1	1	1	1
Q24905	Q146786|Q51929049|Q55698471|Q625420|Q682111	1	1	1	1
Q24905	Q146786|Q51929049|Q55698475|Q623742|Q682111	1	1	1	1
Q24905	Q146786|Q51929049|Q55698475|Q625420|Q682111	1	1	1	1
Q24905	Q146786|Q51929049|Q623742	2	2	2	2
Q24905	Q146786|Q51929049|Q623742|Q682111	7	7	7	7
Q24905	Q146786|Q51929049|Q625420	2	2	2	2
Q24905	Q146786|Q51929049|Q625420|Q682111	8	8	8	8
Q24905	Q146786|Q51929074|Q55698471|Q623742|Q682111	1	1	1	1
Q24905	Q146786|Q51929074|Q55698471|Q625420|Q682111	1	1	1	1
Q24905	Q146786|Q51929074|Q55698475|Q623742|Q682111	1	1	1	1
Q24905	Q146786|Q51929074|Q55698475|Q625420|Q682111	1	1	1	1
Q24905	Q146786|Q51929074|Q623742	2	2	2	2
Q24905	Q146786|Q51929074|Q623742|Q682111	8	8	8	8
Q24905	Q146786|Q51929074|Q625420	2	2	2	2
Q24905	Q146786|Q51929074|Q625420|Q682111	9	9	9	9
Q24905	Q179230	19076	19075	19076	19044
Q24905	Q179230|Q192613	33	32	33	31
Q24905	Q179230|Q192613|Q55698471	1	1	1	1
Q24905	Q179230|Q192613|Q55698475	1	1	1	1
Q24905	Q179230|Q55698471|Q625420	1	1	1	1
Q24905	Q179230|Q55698475|Q625420	1	1	1	1
Q24905	Q179230|Q625420	8	8	8	7
Q24905	Q1923028	1	1	1	1
Q24905	Q192613|Q51929074	1	1	1	1
Q24905	Q442485	1	1	1	1
Q24905	Q442485|Q51929074	1	1	1	1
Q24905	Q501405|Q51929074	1	1	1	1
Q24905	Q51929074|Q623742	1	1	1	1
Q24905	Q51929074|Q625420	1	1	1	1
Q24905	Q52434245	9	9	9	7
Q2865743	Q110786|Q131105|Q1775415	1	1	1	1
Q2865743	Q110786|Q131105|Q1775461	1	1	1	1
Q2865743	Q110786|Q131105|Q499327	1	1	1	1
Q2865743	Q110786|Q145599|Q1775415	1	1	1	1
Q2865743	Q110786|Q145599|Q1775461	1	1	1	1
Q2865743	Q110786|Q145599|Q499327	1	1	1	1
Q2865743	Q110786|Q146078|Q1775415	1	1	1	1
Q2865743	Q110786|Q146078|Q1775461	1	1	1	1
Q2865743	Q110786|Q146078|Q499327	1	1	1	1
Q2865743	Q110786|Q146233|Q1775415	1	1	1	1
Q2865743	Q110786|Q146233|Q1775461	1	1	1	1
Q2865743	Q110786|Q146233|Q499327	1	1	1	1
Q2865743	Q131105	1	1	1	1
Q2865743	Q131105|Q146786	1	1	1	1
Q2865743	Q145599|Q146786	1	1	1	1
Q2865743	Q146078|Q146786	1	1	1	1
Q2865743	Q146233|Q146786	1	1	1	1
Q3257782		1	1	1	1
Q3397768		1	1	1	1
Q34698		8	5	8	8
Q34698	Q110786|Q131105|Q14169499|Q1775415|Q3481903	4	4	4	4
Q34698	Q110786|Q131105|Q14169499|Q1775415|Q7977953	4	4	4	4
Q34698	Q110786|Q131105|Q14169499|Q1775415|Q96407524	4	4	4	4
Q34698	Q110786|Q131105|Q14169499|Q1775461|Q3481903	4	4	4	4
Q34698	Q110786|Q131105|Q14169499|Q1775461|Q7977953	4	4	4	4
Q34698	Q110786|Q131105|Q14169499|Q1775461|Q96407524	4	4	4	4
Q34698	Q110786|Q131105|Q14169499|Q3481903|Q499327	4	4	4	4
Q34698	Q110786|Q131105|Q14169499|Q499327|Q7977953	4	4	4	4
Q34698	Q110786|Q131105|Q14169499|Q499327|Q96407524	4	4	4	4
Q34698	Q110786|Q131105|Q146078|Q1775461	1	1	1	1
Q34698	Q110786|Q131105|Q146078|Q1775461|Q4818723	1	1	1	1
Q34698	Q110786|Q131105|Q1775415|Q1817208|Q3481903	4	4	4	4
Q34698	Q110786|Q131105|Q1775415|Q1817208|Q7977953	4	4	4	4
Q34698	Q110786|Q131105|Q1775415|Q1817208|Q96407524	4	4	4	4
Q34698	Q110786|Q131105|Q1775415|Q3481903	1	1	1	1
Q34698	Q110786|Q131105|Q1775415|Q3481903|Q3482678	34	34	35	35
Q34698	Q110786|Q131105|Q1775415|Q3482678|Q7977953	20	20	21	21
Q34698	Q110786|Q131105|Q1775415|Q3482678|Q96407524	20	20	21	21
Q34698	Q110786|Q131105|Q1775415|Q7977953	2	2	2	2
Q34698	Q110786|Q131105|Q1775415|Q96407524	1	1	1	1
Q34698	Q110786|Q131105|Q1775461|Q1817208|Q3481903	4	4	4	4
Q34698	Q110786|Q131105|Q1775461|Q1817208|Q7977953	4	4	4	4
Q34698	Q110786|Q131105|Q1775461|Q1817208|Q96407524	4	4	4	4
Q34698	Q110786|Q131105|Q1775461|Q3481903	1	1	1	1
Q34698	Q110786|Q131105|Q1775461|Q3481903|Q3482678	34	34	35	35
Q34698	Q110786|Q131105|Q1775461|Q3482678|Q7977953	20	20	21	21
Q34698	Q110786|Q131105|Q1775461|Q3482678|Q96407524	20	20	21	21
Q34698	Q110786|Q131105|Q1775461|Q7977953	2	2	2	2
Q34698	Q110786|Q131105|Q1775461|Q96407524	1	1	1	1
Q34698	Q110786|Q131105|Q1817208|Q3481903|Q499327	4	4	4	4
Q34698	Q110786|Q131105|Q1817208|Q499327|Q7977953	4	4	4	4
Q34698	Q110786|Q131105|Q1817208|Q499327|Q96407524	4	4	4	4
Q34698	Q110786|Q131105|Q3481903|Q3482678|Q499327	36	36	37	37
Q34698	Q110786|Q131105|Q3481903|Q499327	1	1	1	1
Q34698	Q110786|Q131105|Q3482678|Q4818723	1	1	1	1
Q34698	Q110786|Q131105|Q3482678|Q4818723|Q499327|Q96407524	1	1	1	1
Q34698	Q110786|Q131105|Q3482678|Q499327	1	1	1	1
Q34698	Q110786|Q131105|Q3482678|Q499327|Q7977953	20	20	21	21
Q34698	Q110786|Q131105|Q3482678|Q499327|Q96407524	20	20	21	21
Q34698	Q110786|Q131105|Q4818723|Q499327	1	1	1	1
Q34698	Q110786|Q131105|Q499327|Q7977953	2	2	2	2
Q34698	Q110786|Q131105|Q499327|Q96407524	1	1	1	1
Q34698	Q110786|Q131105|Q7977953	1	1	1	1
Q34698	Q110786|Q14169499|Q145599|Q1775415|Q3481903	4	4	4	4
Q34698	Q110786|Q14169499|Q145599|Q1775415|Q7977953	4	4	4	4
Q34698	Q110786|Q14169499|Q145599|Q1775415|Q96407524	4	4	4	4
Q34698	Q110786|Q14169499|Q145599|Q1775461|Q3481903	4	4	4	4
Q34698	Q110786|Q14169499|Q145599|Q1775461|Q7977953	4	4	4	4
Q34698	Q110786|Q14169499|Q145599|Q1775461|Q96407524	4	4	4	4
Q34698	Q110786|Q14169499|Q145599|Q3481903|Q499327	4	4	4	4
Q34698	Q110786|Q14169499|Q145599|Q499327|Q7977953	4	4	4	4
Q34698	Q110786|Q14169499|Q145599|Q499327|Q96407524	4	4	4	4
Q34698	Q110786|Q14169499|Q146078|Q1775415|Q3481903	4	4	4	4
Q34698	Q110786|Q14169499|Q146078|Q1775415|Q7977953	4	4	4	4
Q34698	Q110786|Q14169499|Q146078|Q1775415|Q96407524	4	4	4	4
Q34698	Q110786|Q14169499|Q146078|Q1775461|Q3481903	4	4	4	4
Q34698	Q110786|Q14169499|Q146078|Q1775461|Q7977953	4	4	4	4
Q34698	Q110786|Q14169499|Q146078|Q1775461|Q96407524	4	4	4	4
Q34698	Q110786|Q14169499|Q146078|Q3481903|Q499327	4	4	4	4
Q34698	Q110786|Q14169499|Q146078|Q499327|Q7977953	4	4	4	4
Q34698	Q110786|Q14169499|Q146078|Q499327|Q96407524	4	4	4	4
Q34698	Q110786|Q14169499|Q146233|Q1775415|Q3481903	4	4	4	4
Q34698	Q110786|Q14169499|Q146233|Q1775415|Q7977953	4	4	4	4
Q34698	Q110786|Q14169499|Q146233|Q1775415|Q96407524	4	4	4	4
Q34698	Q110786|Q14169499|Q146233|Q1775461|Q3481903	4	4	4	4
Q34698	Q110786|Q14169499|Q146233|Q1775461|Q7977953	4	4	4	4
Q34698	Q110786|Q14169499|Q146233|Q1775461|Q96407524	4	4	4	4
Q34698	Q110786|Q14169499|Q146233|Q3481903|Q499327	4	4	4	4
Q34698	Q110786|Q14169499|Q146233|Q499327|Q7977953	4	4	4	4
Q34698	Q110786|Q14169499|Q146233|Q499327|Q96407524	4	4	4	4
Q34698	Q110786|Q145599	1	1	1	1
Q34698	Q110786|Q145599|Q1775415|Q1817208|Q3481903	4	4	4	4
Q34698	Q110786|Q145599|Q1775415|Q1817208|Q7977953	4	4	4	4
Q34698	Q110786|Q145599|Q1775415|Q1817208|Q96407524	4	4	4	4
Q34698	Q110786|Q145599|Q1775415|Q3481903	1	1	1	1
Q34698	Q110786|Q145599|Q1775415|Q3481903|Q3482678	31	31	32	32
Q34698	Q110786|Q145599|Q1775415|Q3482678|Q7977953	20	20	21	21
Q34698	Q110786|Q145599|Q1775415|Q3482678|Q96407524	20	20	21	21
Q34698	Q110786|Q145599|Q1775415|Q7977953	2	2	2	2
Q34698	Q110786|Q145599|Q1775415|Q96407524	1	1	1	1
Q34698	Q110786|Q145599|Q1775461|Q1817208|Q3481903	4	4	4	4
Q34698	Q110786|Q145599|Q1775461|Q1817208|Q7977953	4	4	4	4
Q34698	Q110786|Q145599|Q1775461|Q1817208|Q96407524	4	4	4	4
Q34698	Q110786|Q145599|Q1775461|Q3481903	1	1	1	1
Q34698	Q110786|Q145599|Q1775461|Q3481903|Q3482678	31	31	32	32
Q34698	Q110786|Q145599|Q1775461|Q3482678|Q7977953	20	20	21	21
Q34698	Q110786|Q145599|Q1775461|Q3482678|Q96407524	20	20	21	21
Q34698	Q110786|Q145599|Q1775461|Q4818723|Q499327	1	1	1	1
Q34698	Q110786|Q145599|Q1775461|Q7977953	2	2	2	2
Q34698	Q110786|Q145599|Q1775461|Q96407524	1	1	1	1
Q34698	Q110786|Q145599|Q1817208|Q3481903|Q499327	4	4	4	4
Q34698	Q110786|Q145599|Q1817208|Q499327|Q7977953	4	4	4	4
Q34698	Q110786|Q145599|Q1817208|Q499327|Q96407524	4	4	4	4
Q34698	Q110786|Q145599|Q3481903|Q3482678|Q499327	31	31	32	32
Q34698	Q110786|Q145599|Q3481903|Q499327	1	1	1	1
Q34698	Q110786|Q145599|Q3482678|Q499327|Q7977953	20	20	21	21
Q34698	Q110786|Q145599|Q3482678|Q499327|Q96407524	20	20	21	21
Q34698	Q110786|Q145599|Q499327|Q7977953	2	2	2	2
Q34698	Q110786|Q145599|Q499327|Q96407524	1	1	1	1
Q34698	Q110786|Q145599|Q7977953	1	1	1	1
Q34698	Q110786|Q146078|Q1775415|Q1817208|Q3481903	4	4	4	4
Q34698	Q110786|Q146078|Q1775415|Q1817208|Q7977953	4	4	4	4
Q34698	Q110786|Q146078|Q1775415|Q1817208|Q96407524	4	4	4	4
Q34698	Q110786|Q146078|Q1775415|Q3481903	1	1	1	1
Q34698	Q110786|Q146078|Q1775415|Q3481903|Q3482678	31	31	32	32
Q34698	Q110786|Q146078|Q1775415|Q3482678|Q7977953	20	20	21	21
Q34698	Q110786|Q146078|Q1775415|Q3482678|Q96407524	20	20	21	21
Q34698	Q110786|Q146078|Q1775415|Q7977953	2	2	2	2
Q34698	Q110786|Q146078|Q1775415|Q96407524	1	1	1	1
Q34698	Q110786|Q146078|Q1775461|Q1817208|Q3481903	4	4	4	4
Q34698	Q110786|Q146078|Q1775461|Q1817208|Q7977953	4	4	4	4
Q34698	Q110786|Q146078|Q1775461|Q1817208|Q96407524	4	4	4	4
Q34698	Q110786|Q146078|Q1775461|Q3481903	1	1	1	1
Q34698	Q110786|Q146078|Q1775461|Q3481903|Q3482678	31	31	32	32
Q34698	Q110786|Q146078|Q1775461|Q3482678|Q7977953	20	20	21	21
Q34698	Q110786|Q146078|Q1775461|Q3482678|Q96407524	20	20	21	21
Q34698	Q110786|Q146078|Q1775461|Q7977953	2	2	2	2
Q34698	Q110786|Q146078|Q1775461|Q96407524	1	1	1	1
Q34698	Q110786|Q146078|Q1817208|Q3481903|Q499327	4	4	4	4
Q34698	Q110786|Q146078|Q1817208|Q499327|Q7977953	4	4	4	4
Q34698	Q110786|Q146078|Q1817208|Q499327|Q96407524	4	4	4	4
Q34698	Q110786|Q146078|Q3481903|Q3482678|Q499327	31	31	32	32
Q34698	Q110786|Q146078|Q3481903|Q499327	1	1	1	1
Q34698	Q110786|Q146078|Q3482678|Q4818723|Q499327	1	1	1	1
Q34698	Q110786|Q146078|Q3482678|Q499327|Q7977953	20	20	21	21
Q34698	Q110786|Q146078|Q3482678|Q499327|Q96407524	20	20	21	21
Q34698	Q110786|Q146078|Q4818723|Q499327	2	2	2	2
Q34698	Q110786|Q146078|Q499327|Q7977953	2	2	2	2
Q34698	Q110786|Q146078|Q499327|Q96407524	1	1	1	1
Q34698	Q110786|Q146233|Q1775415|Q1817208|Q3481903	4	4	4	4
Q34698	Q110786|Q146233|Q1775415|Q1817208|Q7977953	4	4	4	4
Q34698	Q110786|Q146233|Q1775415|Q1817208|Q96407524	4	4	4	4
Q34698	Q110786|Q146233|Q1775415|Q3481903	1	1	1	1
Q34698	Q110786|Q146233|Q1775415|Q3481903|Q3482678	31	31	32	32
Q34698	Q110786|Q146233|Q1775415|Q3482678|Q7977953	20	20	21	21
Q34698	Q110786|Q146233|Q1775415|Q3482678|Q96407524	20	20	21	21
Q34698	Q110786|Q146233|Q1775415|Q7977953	2	2	2	2
Q34698	Q110786|Q146233|Q1775415|Q96407524	1	1	1	1
Q34698	Q110786|Q146233|Q1775461|Q1817208|Q3481903	4	4	4	4
Q34698	Q110786|Q146233|Q1775461|Q1817208|Q7977953	4	4	4	4
Q34698	Q110786|Q146233|Q1775461|Q1817208|Q96407524	4	4	4	4
Q34698	Q110786|Q146233|Q1775461|Q3481903	1	1	1	1
Q34698	Q110786|Q146233|Q1775461|Q3481903|Q3482678	31	31	32	32
Q34698	Q110786|Q146233|Q1775461|Q3482678|Q7977953	20	20	21	21
Q34698	Q110786|Q146233|Q1775461|Q3482678|Q96407524	20	20	21	21
Q34698	Q110786|Q146233|Q1775461|Q7977953	2	2	2	2
Q34698	Q110786|Q146233|Q1775461|Q96407524	1	1	1	1
Q34698	Q110786|Q146233|Q1817208|Q3481903|Q499327	4	4	4	4
Q34698	Q110786|Q146233|Q1817208|Q499327|Q7977953	4	4	4	4
Q34698	Q110786|Q146233|Q1817208|Q499327|Q96407524	4	4	4	4
Q34698	Q110786|Q146233|Q3481903|Q3482678|Q499327	32	32	33	33
Q34698	Q110786|Q146233|Q3481903|Q499327	1	1	1	1
Q34698	Q110786|Q146233|Q3482678|Q499327	1	1	1	1
Q34698	Q110786|Q146233|Q3482678|Q499327|Q7977953	20	20	21	21
Q34698	Q110786|Q146233|Q3482678|Q499327|Q96407524	20	20	21	21
Q34698	Q110786|Q146233|Q499327|Q7977953	2	2	2	2
Q34698	Q110786|Q146233|Q499327|Q96407524	1	1	1	1
Q34698	Q110786|Q146233|Q7977953	1	1	1	1
Q34698	Q110786|Q1775415|Q4818723	1	1	1	1
Q34698	Q110786|Q1775461|Q4818723	1	1	1	1
Q34698	Q110786|Q3481903|Q499327	1	1	1	1
Q34698	Q110786|Q4818723|Q499327	1	1	1	1
Q34698	Q131105|Q14169499|Q146786|Q3481903	4	4	4	4
Q34698	Q131105|Q14169499|Q146786|Q7977953	4	4	4	4
Q34698	Q131105|Q14169499|Q146786|Q96407524	4	4	4	4
Q34698	Q131105|Q145599|Q146078|Q146233|Q146786	1	1	1	1
Q34698	Q131105|Q146078	1	1	1	1
Q34698	Q131105|Q146786|Q1817208|Q3481903	4	4	4	4
Q34698	Q131105|Q146786|Q1817208|Q7977953	4	4	4	4
Q34698	Q131105|Q146786|Q1817208|Q96407524	4	4	4	4
Q34698	Q131105|Q146786|Q3481903	1	1	1	1
Q34698	Q131105|Q146786|Q3481903|Q3482678	34	34	35	35
Q34698	Q131105|Q146786|Q3482678|Q7977953	20	20	21	21
Q34698	Q131105|Q146786|Q3482678|Q96407524	20	20	21	21
Q34698	Q131105|Q146786|Q4818723|Q7977953	1	1	1	1
Q34698	Q131105|Q146786|Q7977953	2	2	2	2
Q34698	Q131105|Q146786|Q96407524	1	1	1	1
Q34698	Q131105|Q1775415|Q3482678|Q4818723	5	5	5	5
Q34698	Q131105|Q1775415|Q4818723	1	1	1	1
Q34698	Q131105|Q1775461|Q3482678|Q4818723	4	4	4	4
Q34698	Q131105|Q1775461|Q3482678|Q4818723|Q96407524	1	1	1	1
Q34698	Q131105|Q1775461|Q4818723	1	1	1	1
Q34698	Q131105|Q3482678|Q4818723|Q499327	4	4	4	4
Q34698	Q131105|Q4818723|Q499327	1	1	1	1
Q34698	Q14169499|Q145599|Q146786|Q3481903	4	4	4	4
Q34698	Q14169499|Q145599|Q146786|Q7977953	4	4	4	4
Q34698	Q14169499|Q145599|Q146786|Q96407524	4	4	4	4
Q34698	Q14169499|Q146078|Q146786|Q3481903	4	4	4	4
Q34698	Q14169499|Q146078|Q146786|Q7977953	4	4	4	4
Q34698	Q14169499|Q146078|Q146786|Q96407524	4	4	4	4
Q34698	Q14169499|Q146233|Q146786|Q3481903	4	4	4	4
Q34698	Q14169499|Q146233|Q146786|Q7977953	4	4	4	4
Q34698	Q14169499|Q146233|Q146786|Q96407524	4	4	4	4
Q34698	Q14169499|Q1931259	2122	2043	2124	2112
Q34698	Q14169499|Q4818723	5	1	5	5
Q34698	Q145599	1	1	1	1
Q34698	Q145599|Q146786|Q1817208|Q3481903	4	4	4	4
Q34698	Q145599|Q146786|Q1817208|Q7977953	4	4	4	4
Q34698	Q145599|Q146786|Q1817208|Q96407524	4	4	4	4
Q34698	Q145599|Q146786|Q3481903	1	1	1	1
Q34698	Q145599|Q146786|Q3481903|Q3482678	31	31	32	32
Q34698	Q145599|Q146786|Q3482678|Q7977953	20	20	21	21
Q34698	Q145599|Q146786|Q3482678|Q96407524	20	20	21	21
Q34698	Q145599|Q146786|Q7977953	2	2	2	2
Q34698	Q145599|Q146786|Q96407524	1	1	1	1
Q34698	Q145599|Q3481903|Q3482678|Q4818723|Q499327	1	1	1	1
Q34698	Q146078|Q146786|Q1817208|Q3481903	4	4	4	4
Q34698	Q146078|Q146786|Q1817208|Q7977953	4	4	4	4
Q34698	Q146078|Q146786|Q1817208|Q96407524	4	4	4	4
Q34698	Q146078|Q146786|Q3481903	1	1	1	1
Q34698	Q146078|Q146786|Q3481903|Q3482678	31	31	32	32
Q34698	Q146078|Q146786|Q3482678|Q7977953	20	20	21	21
Q34698	Q146078|Q146786|Q3482678|Q96407524	20	20	21	21
Q34698	Q146078|Q146786|Q7977953	2	2	2	2
Q34698	Q146078|Q146786|Q96407524	1	1	1	1
Q34698	Q146233	1	1	1	1
Q34698	Q146233|Q146786|Q1817208|Q3481903	4	4	4	4
Q34698	Q146233|Q146786|Q1817208|Q7977953	4	4	4	4
Q34698	Q146233|Q146786|Q1817208|Q96407524	4	4	4	4
Q34698	Q146233|Q146786|Q3481903	1	1	1	1
Q34698	Q146233|Q146786|Q3481903|Q3482678	31	31	32	32
Q34698	Q146233|Q146786|Q3482678|Q7977953	20	20	21	21
Q34698	Q146233|Q146786|Q3482678|Q96407524	20	20	21	21
Q34698	Q146233|Q146786|Q7977953	2	2	2	2
Q34698	Q146233|Q146786|Q96407524	1	1	1	1
Q34698	Q1775415|Q3482678|Q4818723	1	1	1	1
Q34698	Q1817208|Q1931259	2054	2026	2055	2043
Q34698	Q1817208|Q4818723	5	1	5	5
Q34698	Q1931259	1	1	1	1
Q34698	Q1931259|Q3482678	24229	24226	24239	24235
Q34698	Q3482678	196	196	197	197
Q34698	Q3482678|Q4818723	105	31	105	105
Q34698	Q56352306	1	1	1	1
Q34793275		4	1	4	4
Q34793275	Q110786|Q131105|Q1775415	2	2	2	2
Q34793275	Q110786|Q131105|Q1775461	3	2	3	3
Q34793275	Q110786|Q131105|Q499327	2	2	2	2
Q34793275	Q110786|Q145599|Q146786	1	1	1	1
Q34793275	Q110786|Q145599|Q1775415	2	2	2	2
Q34793275	Q110786|Q145599|Q1775461	2	2	2	2
Q34793275	Q110786|Q145599|Q499327	2	2	2	2
Q34793275	Q110786|Q146078|Q1775415	2	2	2	2
Q34793275	Q110786|Q146078|Q1775461	3	2	3	3
Q34793275	Q110786|Q146078|Q499327	2	2	2	2
Q34793275	Q110786|Q146233|Q1775415	2	2	2	2
Q34793275	Q110786|Q146233|Q1775461	2	2	2	2
Q34793275	Q110786|Q146233|Q499327	2	2	2	2
Q34793275	Q131105|Q146786	2	2	2	2
Q34793275	Q145599|Q146786	1	1	1	1
Q34793275	Q146078|Q146786	2	2	2	2
Q34793275	Q146233|Q146786	3	2	3	3
Q35102		28	25	28	28
Q358417		1	1	1	1
Q36484		119	119	120	119
Q36484	Q80071	1	1	1	1
Q380057		2655	2655	2655	2651
Q380057	Q110786|Q131105|Q146078|Q1775415	1	1	1	1
Q380057	Q110786|Q131105|Q146078|Q1775461	1	1	1	1
Q380057	Q110786|Q131105|Q499327	1	1	1	1
Q380057	Q110786|Q145599|Q1775461|Q499327	1	1	1	1
Q380057	Q131105|Q146078|Q146786	1	1	1	1
Q380057	Q14169499	1	1	1	1
Q380057	Q1817208	1	1	1	1
Q380057	Q3482678	1	1	1	1
Q3813849	Q110786|Q131105|Q1775415	1	1	1	1
Q3813849	Q110786|Q131105|Q1775461	1	1	1	1
Q3813849	Q110786|Q131105|Q499327	1	1	1	1
Q3813849	Q110786|Q145599|Q1775415	1	1	1	1
Q3813849	Q110786|Q145599|Q1775461	1	1	1	1
Q3813849	Q110786|Q145599|Q499327	1	1	1	1
Q3813849	Q110786|Q146078|Q1775415	1	1	1	1
Q3813849	Q110786|Q146078|Q1775461	1	1	1	1
Q3813849	Q110786|Q146078|Q499327	1	1	1	1
Q3813849	Q110786|Q146233|Q1775415	1	1	1	1
Q3813849	Q110786|Q146233|Q1775461	1	1	1	1
Q3813849	Q110786|Q146233|Q499327	1	1	1	1
Q41796		1	1	1	1
Q468801		2	2	2	2
Q468801	Q131105	12	12	12	11
Q468801	Q131105|Q1775415	1	1	1	1
Q468801	Q131105|Q1775461	1	1	1	1
Q468801	Q131105|Q77768790	1	1	1	1
Q468801	Q145599	10	10	10	10
Q468801	Q145599|Q1775415	1	1	1	1
Q468801	Q145599|Q1775415|Q953129	1	1	1	1
Q468801	Q145599|Q1775461	1	1	1	1
Q468801	Q145599|Q1775461|Q953129	1	1	1	1
Q468801	Q145599|Q77768790	1	1	1	1
Q468801	Q145599|Q77768790|Q953129	1	1	1	1
Q468801	Q145599|Q953129	9	9	9	5
Q468801	Q146078	10	10	10	10
Q468801	Q146078|Q1775415	1	1	1	1
Q468801	Q146078|Q1775415|Q953129	1	1	1	1
Q468801	Q146078|Q1775461	1	1	1	1
Q468801	Q146078|Q1775461|Q953129	1	1	1	1
Q468801	Q146078|Q77768790	1	1	1	1
Q468801	Q146078|Q77768790|Q953129	1	1	1	1
Q468801	Q146078|Q953129	9	9	9	5
Q468801	Q146233	8	8	8	8
Q468801	Q146233|Q1775415	1	1	1	1
Q468801	Q146233|Q77768790	1	1	1	1
Q4833830		198	196	198	198
Q54310231		1	1	1	1
Q54310231	Q110786|Q131105	1	1	1	1
Q54310231	Q110786|Q145599	1	1	1	1
Q54310231	Q110786|Q146078	1	1	1	1
Q54310231	Q110786|Q146233	1	1	1	1
Q54792077		9	8	9	8
Q576271	Q110786|Q131105|Q1775415	1	1	1	1
Q576271	Q110786|Q131105|Q499327	1	1	1	1
Q576271	Q110786|Q145599|Q499327	1	1	1	1
Q576271	Q110786|Q146078|Q499327	1	1	1	1
Q576271	Q110786|Q146233|Q1775415	1	1	1	1
Q576271	Q110786|Q146233|Q499327	2	1	2	2
Q576271	Q131105|Q146786	1	1	1	1
Q63116		243	241	243	243
Q63116	Q131105|Q1931259	1	1	1	1
Q83034		416	409	416	413
Q956030		35	25	35	35
Q956030	Q110786	1	1	1	1
Q956030	Q110786|Q131105|Q146078|Q1775461	1	1	1	1
Q956030	Q110786|Q131105|Q499327	1	1	1	1
Q956030	Q110786|Q145599|Q1775461|Q499327	1	1	1	1
Q956030	Q110786|Q146078|Q499327	1	1	1	1
Q956030	Q131105	1	1	1	1
