internal_id	source_key	lexeme_ids_json	entity_sha256_json	lemma_json	stratum	pinned	source_completeness	gf_fit	inference_confidence	review_status	rejection_reason	residual_api_gap	structural_evidence	genders_json	number_restriction	source_statement_ids_json	source_form_ids_json	combining_forms_json	p5548_evidence_json	diagnostics_json	compared_options	fitting_variants
wdn_000001_N	L2208	["L2208"]	["fe64bcc888196c81a5384de8ecc5381fad2015bd407f0b1a9d8c0882720bce24"]	"Literatur"	rejected_feature	no	complete	unrepresentable	unavailable	rejected	unsupported_form_feature		component_target	["feminine"]	ordinary	["L2208$542c3cfa-415b-af8c-9f7d-a298a29a6fbf"]	{"s_pl_acc":["L2208-F9"],"s_pl_dat":["L2208-F8"],"s_pl_gen":["L2208-F7"],"s_pl_nom":["L2208-F6"],"s_sg_acc":["L2208-F5"],"s_sg_dat":["L2208-F4"],"s_sg_gen":["L2208-F3"],"s_sg_nom":["L2208-F2"]}	[]	[]	["non_slot_form_bundle","rejected_noun_form_feature"]	0	0
wdn_000003_N	L2957	["L2957"]	["d963d6ca37676b25d4947b5ee5ccfe6d692e6b347cbee65af30ced32b1eb430a"]	"Haus"	ambiguous_combining	no	complete	unrepresentable	unavailable	rejected	ambiguous_multiple_combining_forms		component_target	["neuter"]	ordinary	["L2957$bcece381-49eb-7872-0593-1a224dc5ba10","L2957$f6e64955-4cc8-cd02-191b-364347093f2b"]	{"co":["L2957-F10","L2957-F9"],"s_pl_acc":["L2957-F8"],"s_pl_dat":["L2957-F7"],"s_pl_gen":["L2957-F6"],"s_pl_nom":["L2957-F1"],"s_sg_acc":["L2957-F5"],"s_sg_dat":["L2957-F4"],"s_sg_gen":["L2957-F2"],"s_sg_nom":["L2957-F3"]}	[{"form_id":"L2957-F10","value":"Häuser"},{"form_id":"L2957-F9","value":"Haus"}]	["L824188$43eae51f-4423-5be5-f07e-ee1fa6cbc185>L2957-F10"]	["multiple_combining_forms"]	0	0
wdn_000005_N	L6692	["L6692"]	["9da4860c679b0a2338f81b8a0c0d20f7af6781c8efd49622d4d79d1d63f18862"]	"Gedankenfreiheit"	singular_only	no	complete	unrepresentable	unavailable	rejected	residual_api_gap_singular_only	missing_public_singular_only_noun_constructor	explicit_compound_analysis	["feminine"]	singular_only	["L6692$18d67537-4d52-e902-beaa-eafbcbcdcedf","L6692$29a8393a-4238-af80-380f-86241b017237","L6692$6A4294BB-D1FB-4031-987C-4393E5F99BCE","L6692$86DC6D51-3F9A-45FC-980E-AD22F1F606A4"]	{"s_sg_acc":["L6692-F4"],"s_sg_dat":["L6692-F3"],"s_sg_gen":["L6692-F2"],"s_sg_nom":["L6692-F1"]}	[]	[]	[]	0	0
wdn_000006_N	L6726	["L6726"]	["032f5c99f882fac136b6609c17b61543f83b78e0c4c06c4fb202410803322069"]	"Schmutz"	singular_only	no	complete	unrepresentable	unavailable	rejected	residual_api_gap_singular_only	missing_public_singular_only_noun_constructor	component_target	["masculine"]	singular_only	["L6726$3E360C07-74CC-4A23-9F05-2E927C45932D","L6726$ED70210F-C010-4E1B-A64A-3F0434FBF81F"]	{"s_sg_acc":["L6726-F4"],"s_sg_dat":["L6726-F3"],"s_sg_gen":["L6726-F2"],"s_sg_nom":["L6726-F1"]}	[]	[]	[]	0	0
wdn_000007_N	L6752	["L6752"]	["7d02cafb954c7e696e2f1942abed8c00c78e16d238fbe235cc41059a400fe53c"]	"Dezimalsystem"	singular_only	no	complete	unrepresentable	unavailable	rejected	residual_api_gap_singular_only	missing_public_singular_only_noun_constructor	explicit_compound_analysis	["neuter"]	singular_only	["L6752$0cbced8f-46a9-e8c9-22a8-3d83aaf4ca6d","L6752$DF43F88C-C868-45D3-BD3B-913C00BB2194","L6752$FCA6331F-4A4F-4FFD-9EAB-86052EE81D95","L6752$a08aefce-4ae1-549a-56a3-36204b879029"]	{"s_sg_acc":["L6752-F4"],"s_sg_dat":["L6752-F3"],"s_sg_gen":["L6752-F2"],"s_sg_nom":["L6752-F1"]}	[]	[]	[]	0	0
wdn_000011_N	L7630	["L7630"]	["fcbbcfa15bae6c9ecbe403ffa9bd79a5186a11286b17efd8b50bcac0b3f8b16e"]	"Ball"	rejected_feature	no	conflicting	unrepresentable	unavailable	rejected	unsupported_form_feature		component_target	["masculine"]	ordinary	["L7630$D0F0093D-DDC5-4287-BC8E-30FB9E64CC09"]	{"s_pl_acc":["L7630-F10"],"s_pl_dat":["L7630-F9"],"s_pl_gen":["L7630-F8"],"s_pl_nom":["L7630-F7"],"s_sg_acc":["L7630-F6"],"s_sg_dat":["L7630-F4","L7630-F5"],"s_sg_gen":["L7630-F2","L7630-F3"],"s_sg_nom":["L7630-F1"]}	[]	[]	["conflicting_slots","rejected_noun_form_feature"]	0	0
wdn_000014_N	L31684	["L31684"]	["5592754abfd2874eace517532d5a5e983f338ee80740ec45550fa9c98f7ef1b7"]	"Weltschmerz"	singular_only	no	complete	unrepresentable	unavailable	rejected	residual_api_gap_singular_only	missing_public_singular_only_noun_constructor	explicit_compound_analysis	["masculine"]	singular_only	["L31684$0133c0df-4154-5ceb-abf3-7498fca37dce","L31684$059EB0AC-2DF7-47DF-B782-01286B21C80C","L31684$3d4f0249-4f72-f63f-1aa4-8681940be9d5","L31684$B2E2B68F-A4AE-4C4C-8619-1D5E8A976D46"]	{"s_sg_acc":["L31684-F4"],"s_sg_dat":["L31684-F3"],"s_sg_gen":["L31684-F2"],"s_sg_nom":["L31684-F1"]}	[]	[]	[]	0	0
wdn_000021_N	L222021	["L222021"]	["e0ff002591cea814488f85bcff7d2f39bd3badee33dc78beb78e5d2a529747d8"]	"Sitzfleisch"	singular_only	no	complete	unrepresentable	unavailable	rejected	residual_api_gap_singular_only	missing_public_singular_only_noun_constructor	explicit_compound_analysis	["neuter"]	singular_only	["L222021$5EAD3339-7431-4F1C-9D40-8231420AEDE2","L222021$9446c8d5-496c-0b02-f4da-05eb976041e7","L222021$F475DFD8-85AB-496E-B423-14254E5DB869","L222021$ef82267b-4400-bc85-9bbc-1e2df39600df"]	{"s_sg_acc":["L222021-F4"],"s_sg_dat":["L222021-F3"],"s_sg_gen":["L222021-F2"],"s_sg_nom":["L222021-F1"]}	[]	[]	[]	0	0
wdn_000024_N	L228303	["L228303"]	["7a8c8be95e497dfca157e2c1c4133496355722aabcf71be00d226f7f71849377"]	"Geburt"	ambiguous_combining	no	complete	unrepresentable	unavailable	rejected	ambiguous_multiple_combining_forms		component_target	["feminine"]	ordinary	["L228303$101175dc-4374-1d2e-0877-30932e2a6d26","L228303$B481FAB3-2153-4FEE-893E-2E446218080F"]	{"co":["L228303-F10","L228303-F9"],"s_pl_acc":["L228303-F8"],"s_pl_dat":["L228303-F7"],"s_pl_gen":["L228303-F6"],"s_pl_nom":["L228303-F5"],"s_sg_acc":["L228303-F4"],"s_sg_dat":["L228303-F3"],"s_sg_gen":["L228303-F2"],"s_sg_nom":["L228303-F1"]}	[{"form_id":"L228303-F10","value":"Geburten"},{"form_id":"L228303-F9","value":"Geburts"}]	["L228301$8fbe1706-4b08-2d57-1687-af1dcf4127b2>L228303-F9","L615942$388e7935-4d38-3f54-99f5-837d94d56ec5>L228303-F9"]	["multiple_combining_forms"]	0	0
wdn_000025_N	L230338	["L230338"]	["c29a8926a79ca28bce41cc5a7adf4a20be311042234e3dfc8bb8032a5fc85397"]	"Gast"	ambiguous_combining	no	complete	unrepresentable	unavailable	rejected	ambiguous_multiple_combining_forms		component_target	["masculine"]	ordinary	["L230338$BFF480B7-81B4-4BB9-90EA-11D78B8209A4"]	{"co":["L230338-F10","L230338-F9"],"s_pl_acc":["L230338-F8"],"s_pl_dat":["L230338-F7"],"s_pl_gen":["L230338-F6"],"s_pl_nom":["L230338-F5"],"s_sg_acc":["L230338-F4"],"s_sg_dat":["L230338-F3"],"s_sg_gen":["L230338-F2"],"s_sg_nom":["L230338-F1"]}	[{"form_id":"L230338-F10","value":"Gast"},{"form_id":"L230338-F9","value":"Gäste"}]	[]	["multiple_combining_forms"]	0	0
wdn_000028_N	L252517	["L252517"]	["95f88d5fc8094c7643f45df7b3e16755ce2f95038117bd5bddeec964f20ec57c"]	"Kochsalz"	singular_only	no	complete	unrepresentable	unavailable	rejected	residual_api_gap_singular_only	missing_public_singular_only_noun_constructor	none_recorded	["neuter"]	singular_only	["L252517$A6E984F4-1E33-4E78-B09E-000BEE76D4BF","L252517$F920588B-884E-43E6-B228-6E0787CE3A2B"]	{"s_sg_acc":["L252517-F4"],"s_sg_dat":["L252517-F3"],"s_sg_gen":["L252517-F2"],"s_sg_nom":["L252517-F1"]}	[]	[]	[]	0	0
wdn_000030_N	L252818	["L252818"]	["e0744cfafb0bcde05097351fd2885dc881daf6fa922c4119fd2a8ebeb9244f5d"]	"Photosynthese"	singular_only	no	complete	unrepresentable	unavailable	rejected	residual_api_gap_singular_only	missing_public_singular_only_noun_constructor	none_recorded	["feminine"]	singular_only	["L252818$4F3B0611-B237-4FDB-A3CF-4657548660D8","L252818$CDAA9CE6-C8BE-4721-B628-B5FBC77593B4"]	{"s_sg_acc":["L252818-F4"],"s_sg_dat":["L252818-F3"],"s_sg_gen":["L252818-F2"],"s_sg_nom":["L252818-F1"]}	[]	[]	[]	0	0
wdn_000031_N	L267861	["L267861"]	["76f6f943cc52c9538eb5ae4ce6921b8d09a248085cd6d74c7974e32902385496"]	"Astrophysik"	singular_only	no	complete	unrepresentable	unavailable	rejected	residual_api_gap_singular_only	missing_public_singular_only_noun_constructor	explicit_compound_analysis	["feminine"]	singular_only	["L267861$15B03EDB-D3E2-42E7-8085-A24FA094D7D9","L267861$17b034cb-4473-0583-13b0-886bc28dec46","L267861$54D998CE-1916-4297-8D46-F1A02A5C49F4","L267861$5ded2f1f-4390-a133-d8eb-698f08d2ffe1"]	{"s_sg_acc":["L267861-F4"],"s_sg_dat":["L267861-F3"],"s_sg_gen":["L267861-F2"],"s_sg_nom":["L267861-F1"]}	[]	[]	[]	0	0
wdn_000034_N	L298781	["L298781"]	["3b5e4dc5cb7503581db84d4a6f64410f967719b44e431d0d6380eb4efe2bbb89"]	"Armut"	singular_only	no	complete	unrepresentable	unavailable	rejected	residual_api_gap_singular_only	missing_public_singular_only_noun_constructor	component_target	["feminine"]	singular_only	["L298781$177C93DF-137C-47EC-99AA-049AFC50E636","L298781$A70F45BD-2BBC-4D03-B683-0EC68D2E70E6"]	{"co":["L298781-F5"],"s_sg_acc":["L298781-F4"],"s_sg_dat":["L298781-F3"],"s_sg_gen":["L298781-F2"],"s_sg_nom":["L298781-F1"]}	[{"form_id":"L298781-F5","value":"Armuts"}]	["L298774$621bb0f0-42c3-7fdb-f407-4cbdefba22d1>L298781-F5","L298780$d08dfda2-4a1b-ad0d-c69c-2de0e0372abb>L298781-F5"]	[]	0	0
wdn_000037_N	L347448	["L347448"]	["e8ede7385e6c65a24fc9a425f11f86f2b8d4d0b7318f1abf1d4c042ba4e79e1f"]	"Deutsche"	rejected_feature	no	complete	unrepresentable	unavailable	rejected	unsupported_form_feature		none_recorded	["neuter"]	singular_only	["L347448$0A089E7F-4D6F-4EAF-BC72-1BDAB9C3D8B5","L347448$17193a90-412d-605f-36d7-f6dd6ce2c941","L347448$4A9ADBDB-BA2E-4717-879B-6B7B433310FC"]	{"s_sg_acc":["L347448-F4"],"s_sg_dat":["L347448-F3"],"s_sg_gen":["L347448-F2"],"s_sg_nom":["L347448-F1"]}	[]	[]	["rejected_noun_form_feature"]	0	0
wdn_000038_N	L400201	["L400201"]	["ca6adc82d6b720bdc6260088d5b4b88536dea3219258c1eb82dbe5822e38422a"]	"Erdnussbutter"	singular_only	no	complete	unrepresentable	unavailable	rejected	residual_api_gap_singular_only	missing_public_singular_only_noun_constructor	explicit_compound_analysis	["feminine"]	singular_only	["L400201$5cdacc2c-463d-5b4f-6d19-9e51ef7ee47e","L400201$C7052F17-6E89-41E8-8DA0-211BB91F14FE","L400201$aaa35f27-4e2a-50b8-6248-05253f39fda9","L400201$fb45ba13-48fd-6b88-edf2-a58394eb471e"]	{"s_sg_acc":["L400201-F4"],"s_sg_dat":["L400201-F3"],"s_sg_gen":["L400201-F2"],"s_sg_nom":["L400201-F1"]}	[]	[]	[]	0	0
wdn_000040_N	L408360	["L408360"]	["a880277002d7a35498bf3fe38b18fed80991d7f47efd7c1ec28743a480c5548f"]	"Königsallee"	singular_only	no	complete	unrepresentable	unavailable	rejected	residual_api_gap_singular_only	missing_public_singular_only_noun_constructor	explicit_compound_analysis	["feminine"]	singular_only	["L408360$1bfa4795-4a2a-9c69-abc3-fa7055b83e77","L408360$2230cbf9-485a-0b30-8d05-a563c46521a1","L408360$440e6bfd-4d3d-b6c2-2462-4cf0d3fc9e71","L408360$6B5F944E-CDAF-4114-9176-7D4175DDF4A9"]	{"s_sg_acc":["L408360-F4"],"s_sg_dat":["L408360-F3"],"s_sg_gen":["L408360-F2"],"s_sg_nom":["L408360-F1"]}	[]	[]	[]	0	0
wdn_000042_N	L482215	["L482215"]	["c3cd7c9bd9698b23b33152cc737a313e203c5f4d41e5a70480abb1f038ae99fa"]	"Musikerziehung"	singular_only	no	complete	unrepresentable	unavailable	rejected	residual_api_gap_singular_only	missing_public_singular_only_noun_constructor	none_recorded	["feminine"]	singular_only	["L482215$614E9172-A6EA-4A36-84E6-AC951942FF16","L482215$FA2B8CBB-E93D-4554-887D-CB89DE774E4F"]	{"s_sg_acc":["L482215-F4"],"s_sg_dat":["L482215-F3"],"s_sg_gen":["L482215-F2"],"s_sg_nom":["L482215-F1"]}	[]	[]	[]	0	0
wdn_000046_N	L495855	["L495855"]	["b7eba665baec0aa16c1d58886af11d745577b051f77f804dc117a818536fc233"]	"Gleichmaß"	singular_only	no	complete	unrepresentable	unavailable	rejected	residual_api_gap_singular_only	missing_public_singular_only_noun_constructor	explicit_compound_analysis	["neuter"]	singular_only	["L495855$1F10F10B-FE22-49A1-9B53-7441380C5241","L495855$5EFDBB83-37F6-473A-A4C3-80B8B68AC42B","L495855$CACD9FA8-2B49-495A-B59A-405E48BA24FF"]	{"s_sg_acc":["L495855-F4"],"s_sg_dat":["L495855-F3"],"s_sg_gen":["L495855-F2"],"s_sg_nom":["L495855-F1"]}	[]	[]	[]	0	0
wdn_000047_N	L500526	["L500526"]	["26aa10f7ee90c3fa4fbb952ee6137dc9f1152b8a85727717ba2787a02d458a38"]	"Magnesium"	singular_only	no	complete	unrepresentable	unavailable	rejected	residual_api_gap_singular_only	missing_public_singular_only_noun_constructor	none_recorded	["neuter"]	singular_only	["L500526$13B2E12F-34E5-4F10-AB3B-F3DE849E8771","L500526$C0220720-45D5-4D58-9644-E7BFA929B5A7"]	{"s_sg_acc":["L500526-F4"],"s_sg_dat":["L500526-F3"],"s_sg_gen":["L500526-F2"],"s_sg_nom":["L500526-F1"]}	[]	[]	[]	0	0
wdn_000051_N	L593988	["L593988"]	["73179faefc2f609dff627a869f60b73bc95b54ce86a9e0f9df88240758a3acb8"]	"Einbildungskraft"	singular_only	no	complete	unrepresentable	unavailable	rejected	residual_api_gap_singular_only	missing_public_singular_only_noun_constructor	none_recorded	["feminine"]	singular_only	["L593988$B90D1649-60DC-489C-AF76-DD82893ED0C1","L593988$DD952129-02AE-464B-A418-09558A3878EA"]	{"s_sg_acc":["L593988-F4"],"s_sg_dat":["L593988-F3"],"s_sg_gen":["L593988-F2"],"s_sg_nom":["L593988-F1"]}	[]	[]	[]	0	0
wdn_000053_N	L615405	["L615405"]	["79bdd1b4cd1adccd615577814ae55c7e1e9cdf46eb29a189dbe48dd5571c2840"]	"Stratopause"	singular_only	no	complete	unrepresentable	unavailable	rejected	residual_api_gap_singular_only	missing_public_singular_only_noun_constructor	none_recorded	["feminine"]	singular_only	["L615405$12FB426C-115F-457C-8E72-9C1B6A1B8DA2","L615405$BEBD38F6-0D18-4824-B386-FE4EDD3D12B2"]	{"s_sg_acc":["L615405-F4"],"s_sg_dat":["L615405-F3"],"s_sg_gen":["L615405-F2"],"s_sg_nom":["L615405-F1"]}	[]	[]	[]	0	0
wdn_000056_N	L647538	["L647538"]	["c84fe6426a8222e409e4e9c2afc7b3239702bdd1baea720af9e55fd2bb35bf8d"]	"Quai"	multiple_gender	no	complete	unrepresentable	unavailable	rejected	unresolved_multiple_gender_alternatives		none_recorded	["masculine","neuter"]	ordinary	["L647538$513E3970-B086-4FCD-9EBC-DF201C42A23A","L647538$ca07c3c1-4a59-30bf-9aba-391043d6c476"]	{"s_pl_acc":["L647538-F8"],"s_pl_dat":["L647538-F7"],"s_pl_gen":["L647538-F6"],"s_pl_nom":["L647538-F5"],"s_sg_acc":["L647538-F4"],"s_sg_dat":["L647538-F3"],"s_sg_gen":["L647538-F2"],"s_sg_nom":["L647538-F1"]}	[]	[]	[]	0	0
wdn_000058_N	L677614	["L677614"]	["e07dff5b744e2e8686d1f167608ad6189ab6e564a8cf0dfcc2059d1e73a16a7a"]	"Radler"	multiple_gender	no	complete	unrepresentable	unavailable	rejected	unresolved_multiple_gender_alternatives		component_target	["masculine","neuter"]	ordinary	["L677614$41FD11BB-463F-4EE6-9FE5-B949F8CE211D","L677614$98470254-40b3-af27-06b5-2b616d35323d"]	{"s_pl_acc":["L677614-F8"],"s_pl_dat":["L677614-F7"],"s_pl_gen":["L677614-F6"],"s_pl_nom":["L677614-F5"],"s_sg_acc":["L677614-F4"],"s_sg_dat":["L677614-F3"],"s_sg_gen":["L677614-F2"],"s_sg_nom":["L677614-F1"]}	[]	[]	[]	0	0
wdn_000060_N	L679403	["L679403"]	["a65c127a841e15a8ccfed0b03f161e5729d6fd8ec470270043256a8cb60059aa"]	"Verwandte"	irregular_full	no	complete	unrepresentable	unavailable	rejected	category_mismatch_adjectival_declension		none_recorded	["feminine"]	ordinary	["L679403$1a9c19cc-4ab3-b503-3ccb-62bbd67738c2","L679403$943C79E6-31B9-445E-9710-83DC79B0F883"]	{"s_pl_acc":["L679403-F8"],"s_pl_dat":["L679403-F7"],"s_pl_gen":["L679403-F6"],"s_pl_nom":["L679403-F5"],"s_sg_acc":["L679403-F4"],"s_sg_dat":["L679403-F3"],"s_sg_gen":["L679403-F2"],"s_sg_nom":["L679403-F1"]}	[]	[]	[]	8	0
wdn_000064_N	L754263	["L754263"]	["1c49f8ad5e46e3274afca0819b2dc0cf072155303485c4293402ece00fd00cfe"]	"Cordial Médoc"	multiword	no	none	unrepresentable	unavailable	rejected	multiword_outside_atomic_noun_pilot		none_recorded	["masculine"]	ordinary	["L754263$FE22887D-FD90-4CCE-B893-A30B29ECD148"]	{}	[]	[]	[]	0	0
wdn_000065_N	L754448	["L754448"]	["f74c4581ea49c087bb70e828f1e2b2cbbbe887c20e18e6df5df06542644b686d"]	"Handelsmissbrauch"	conflicting_slots	no	conflicting	unrepresentable	unavailable	rejected	conflicting_source_slots		none_recorded	["masculine"]	ordinary	["L754448$6BFAB67D-6FF0-4A85-9F9E-E6DA0BB854F1"]	{"s_pl_acc":["L754448-F9"],"s_pl_dat":["L754448-F8"],"s_pl_gen":["L754448-F7"],"s_pl_nom":["L754448-F6"],"s_sg_acc":["L754448-F5"],"s_sg_dat":["L754448-F4"],"s_sg_gen":["L754448-F2","L754448-F3"],"s_sg_nom":["L754448-F1"]}	[]	[]	["conflicting_slots"]	0	0
wdn_000070_N	L758266	["L758266"]	["64f460c1e15d13196ce71282fd226509c88cbb1d8f4c81fecf2ebebedd11c2b2"]	"Scheidenvorfall"	conflicting_slots	no	conflicting	unrepresentable	unavailable	rejected	conflicting_source_slots		none_recorded	["masculine"]	ordinary	["L758266$0FA2EFBF-08FE-48EB-8ADE-828D4CA8FB8A"]	{"s_pl_acc":["L758266-F9"],"s_pl_dat":["L758266-F8"],"s_pl_gen":["L758266-F7"],"s_pl_nom":["L758266-F6"],"s_sg_acc":["L758266-F5"],"s_sg_dat":["L758266-F4"],"s_sg_gen":["L758266-F2","L758266-F3"],"s_sg_nom":["L758266-F1"]}	[]	[]	["conflicting_slots"]	0	0
wdn_000074_N	L761786	["L761786"]	["f511453517884b2fc0cd9b34c5a18314547e289ddbb7b7af85a69eb1f318ef0c"]	"Recalltest"	conflicting_slots	no	conflicting	unrepresentable	unavailable	rejected	conflicting_source_slots		none_recorded	["masculine"]	ordinary	["L761786$73B2276A-C460-4C8C-A141-AA266C636666"]	{"s_pl_acc":["L761786-F12","L761786-F13"],"s_pl_dat":["L761786-F10","L761786-F11"],"s_pl_gen":["L761786-F8","L761786-F9"],"s_pl_nom":["L761786-F6","L761786-F7"],"s_sg_acc":["L761786-F5"],"s_sg_dat":["L761786-F4"],"s_sg_gen":["L761786-F2","L761786-F3"],"s_sg_nom":["L761786-F1"]}	[]	[]	["conflicting_slots"]	0	0
wdn_000075_N	L762764	["L762764"]	["497b7e0ee4ea70198c21228d865129dd276abf6b8ed4884c12033461899d7547"]	"Big Point"	multiword	no	none	unrepresentable	unavailable	rejected	multiword_outside_atomic_noun_pilot		none_recorded	["masculine"]	ordinary	["L762764$0CD639C2-FC4B-48B6-8D10-9B9B62FD7DD0"]	{}	[]	[]	[]	0	0
wdn_000076_N	L762817	["L762817"]	["1050606a9d5475aab399e5564a31a96f078c4f6e4c36ead4f007052dfe684e10"]	"Linienball"	conflicting_slots	no	conflicting	unrepresentable	unavailable	rejected	conflicting_source_slots		none_recorded	["masculine"]	ordinary	["L762817$D9398E45-8A56-43B6-8C8F-C1ACBCAC5ADE"]	{"s_pl_acc":["L762817-F9"],"s_pl_dat":["L762817-F8"],"s_pl_gen":["L762817-F7"],"s_pl_nom":["L762817-F6"],"s_sg_acc":["L762817-F5"],"s_sg_dat":["L762817-F4"],"s_sg_gen":["L762817-F2","L762817-F3"],"s_sg_nom":["L762817-F1"]}	[]	[]	["conflicting_slots"]	0	0
wdn_000079_N	L765773	["L765773"]	["a3e219512ab4106879fab4ec6f357539f7e0455e9046fe547e3ae4d4fe4f7284"]	"Ökoaudit"	multiple_gender	no	complete	unrepresentable	unavailable	rejected	unresolved_multiple_gender_alternatives		none_recorded	["masculine","neuter"]	ordinary	["L765773$4CE79D93-4C68-4304-ABD0-A7155294EC19","L765773$8DFD01FF-2322-4FDA-A53D-6991B65B9795"]	{"s_pl_acc":["L765773-F8"],"s_pl_dat":["L765773-F7"],"s_pl_gen":["L765773-F6"],"s_pl_nom":["L765773-F5"],"s_sg_acc":["L765773-F4"],"s_sg_dat":["L765773-F3"],"s_sg_gen":["L765773-F2"],"s_sg_nom":["L765773-F1"]}	[]	[]	[]	0	0
wdn_000080_N	L766701	["L766701"]	["62a0fb96d3e1c72a55047c3194c582b6925e5189d0c23ceda214f19522f34e90"]	"Selbstständige"	multiple_gender	no	none	unrepresentable	unavailable	rejected	unresolved_multiple_gender_alternatives		none_recorded	["feminine","masculine"]	ordinary	["L766701$2CD379B3-64BE-4FC5-A633-30894CC2AFF4","L766701$FC1B5961-F79C-4C33-A561-EBB3E26EC202"]	{}	[]	[]	[]	0	0
wdn_000084_N	L768579	["L768579"]	["b0c0837d76f7f2201f4917b5136dc534aa0d8e2a66a3c28a43838dd76baae961"]	"Mixed Pickles"	multiword	no	none	unrepresentable	unavailable	rejected	multiword_outside_atomic_noun_pilot		none_recorded	[]	plural_only	["L768579$611F88BD-A7F7-4D13-988A-061A263DCE14"]	{}	[]	[]	["missing_gender"]	0	0
wdn_000085_N	L768624	["L768624"]	["fe652f5c6b5d9752184d25c7bba6cd8370b46b606caef297d9b757ffa89dd28d"]	"Miles gloriosus"	multiword	no	none	unrepresentable	unavailable	rejected	multiword_outside_atomic_noun_pilot		none_recorded	["masculine"]	ordinary	["L768624$E11CD5B3-A289-4E3C-8867-44C2D2F51932"]	{}	[]	[]	[]	0	0
wdn_000089_N	L773673	["L773673"]	["c71be69b58ff280101430c0c08f2bf7385b3b58cddb83707bb531fa72e14e65e"]	"Milliliter"	multiple_gender	no	none	unrepresentable	unavailable	rejected	unresolved_multiple_gender_alternatives		none_recorded	["masculine","neuter"]	ordinary	["L773673$826CD76D-DF54-4234-92A1-CA20FC8F3B62","L773673$B9DF05FC-0E96-4762-9484-CFE9B40E847C"]	{}	[]	[]	[]	0	0
wdn_000091_N	L774626	["L774626"]	["2b0cca4073828317dbaaf426cb2fe8b95414cc44383eea0d19f4881113ed903e"]	"Geografielehrer"	rejected_feature	no	conflicting	unrepresentable	unavailable	rejected	unsupported_form_feature		explicit_compound_analysis	["masculine"]	ordinary	["L774626$535818C3-4D1A-4DCD-AD6D-584FECB3AF63","L774626$B0AAB417-C0D2-4ABF-BAA2-5428CCDB252A","L774626$B7F0AB8A-810A-4EE5-A7FA-3ED548231791"]	{"s_pl_acc":["L774626-F16","L774626-F8"],"s_pl_dat":["L774626-F15","L774626-F7"],"s_pl_gen":["L774626-F14","L774626-F6"],"s_pl_nom":["L774626-F13","L774626-F5"],"s_sg_acc":["L774626-F12","L774626-F4"],"s_sg_dat":["L774626-F11","L774626-F3"],"s_sg_gen":["L774626-F10","L774626-F2"],"s_sg_nom":["L774626-F1","L774626-F9"]}	[]	[]	["conflicting_slots","rejected_noun_form_feature"]	0	0
wdn_000093_N	L774998	["L774998"]	["7b51c53df696de3ec50ac644d31cdb7cac17a7f940cc64a60f9d899a444f240d"]	"Wirtschaftskreislauf"	conflicting_slots	no	conflicting	unrepresentable	unavailable	rejected	conflicting_source_slots		none_recorded	["masculine"]	ordinary	["L774998$16E880A9-84D8-4029-A15B-DE3815695A47"]	{"s_pl_acc":["L774998-F9"],"s_pl_dat":["L774998-F8"],"s_pl_gen":["L774998-F7"],"s_pl_nom":["L774998-F6"],"s_sg_acc":["L774998-F5"],"s_sg_dat":["L774998-F4"],"s_sg_gen":["L774998-F2","L774998-F3"],"s_sg_nom":["L774998-F1"]}	[]	[]	["conflicting_slots"]	0	0
wdn_000095_N	L775202	["L775202"]	["4d020d35a823ef0a3383c3edfb9a9cd203e342869e7e9295d022f85230997e48"]	"Wiederholungszwang"	conflicting_slots	no	conflicting	unrepresentable	unavailable	rejected	conflicting_source_slots		none_recorded	["masculine"]	ordinary	["L775202$C8751D77-F373-48F2-B31D-EC44FD0DCD3D"]	{"s_pl_acc":["L775202-F9"],"s_pl_dat":["L775202-F8"],"s_pl_gen":["L775202-F7"],"s_pl_nom":["L775202-F6"],"s_sg_acc":["L775202-F5"],"s_sg_dat":["L775202-F4"],"s_sg_gen":["L775202-F2","L775202-F3"],"s_sg_nom":["L775202-F1"]}	[]	[]	["conflicting_slots"]	0	0
wdn_000097_N	L775738	["L775738"]	["ce5b3bec568bc953962fc2e8a5e6811537d30ea198c5bf97e39afcba06a404dd"]	"Topinambur"	multiple_gender	no	partial	unrepresentable	unavailable	rejected	unresolved_multiple_gender_alternatives		none_recorded	["feminine","masculine"]	ordinary	["L775738$4C5F8BBB-21D5-4C60-9338-0E4F610CF3D1","L775738$5B2E6F52-917A-4340-A87E-5F5BD4975E27"]	{"s_sg_acc":["L775738-F4"],"s_sg_dat":["L775738-F3"],"s_sg_gen":["L775738-F2"],"s_sg_nom":["L775738-F1"]}	[]	[]	[]	0	0
wdn_000102_N	L777606	["L777606"]	["249155fda1c2bfa77e2eb37beac39c08d6a18a2548a54c4ffb47173c52db593a"]	"Weblog"	multiple_gender	no	complete	unrepresentable	unavailable	rejected	unresolved_multiple_gender_alternatives		none_recorded	["masculine","neuter"]	ordinary	["L777606$4B8A051D-9207-4491-B71E-71A539449823","L777606$5405E969-B316-43AD-846D-73261B2A2B95"]	{"s_pl_acc":["L777606-F8"],"s_pl_dat":["L777606-F7"],"s_pl_gen":["L777606-F6"],"s_pl_nom":["L777606-F5"],"s_sg_acc":["L777606-F4"],"s_sg_dat":["L777606-F3"],"s_sg_gen":["L777606-F2"],"s_sg_nom":["L777606-F1"]}	[]	[]	[]	0	0
wdn_000103_N	L778200	["L778200"]	["2fd74c0203eb5e9d71fcb309dc68e4e04fea6c372417a9936855f8fc245b532a"]	"Ritalin"	singular_only	no	complete	unrepresentable	unavailable	rejected	residual_api_gap_singular_only	missing_public_singular_only_noun_constructor	none_recorded	["neuter"]	singular_only	["L778200$1512633D-59F9-4A5C-96CA-40C1CA62D0FF","L778200$5F8ACED8-5890-4F0E-9325-3C9EC9890E5F"]	{"s_sg_acc":["L778200-F4"],"s_sg_dat":["L778200-F3"],"s_sg_gen":["L778200-F2"],"s_sg_nom":["L778200-F1"]}	[]	[]	[]	0	0
wdn_000114_N	L783899	["L783899"]	["a56646ea4674dc5cb193e371fe7d47f0c2647574898ae8268c90b36f12981048"]	"Tagesverlauf"	conflicting_slots	no	conflicting	unrepresentable	unavailable	rejected	conflicting_source_slots		none_recorded	["masculine"]	ordinary	["L783899$E87FE4E6-19CB-401B-BBAD-300A5A395943"]	{"s_pl_acc":["L783899-F9"],"s_pl_dat":["L783899-F8"],"s_pl_gen":["L783899-F7"],"s_pl_nom":["L783899-F6"],"s_sg_acc":["L783899-F5"],"s_sg_dat":["L783899-F4"],"s_sg_gen":["L783899-F2","L783899-F3"],"s_sg_nom":["L783899-F1"]}	[]	[]	["conflicting_slots"]	0	0
wdn_000120_N	L785630	["L785630"]	["253c0ec9c64ba715748fa98331f45e0ddba9a745cc6336fe61b7593346e8f032"]	"Sozialhilfebezug"	conflicting_slots	no	conflicting	unrepresentable	unavailable	rejected	conflicting_source_slots		none_recorded	["masculine"]	ordinary	["L785630$169FEE80-8245-4F32-9989-4DAEBE9E3DF6"]	{"s_pl_acc":["L785630-F9"],"s_pl_dat":["L785630-F8"],"s_pl_gen":["L785630-F7"],"s_pl_nom":["L785630-F6"],"s_sg_acc":["L785630-F5"],"s_sg_dat":["L785630-F4"],"s_sg_gen":["L785630-F2","L785630-F3"],"s_sg_nom":["L785630-F1"]}	[]	[]	["conflicting_slots"]	0	0
wdn_000122_N	L788057	["L788057"]	["6c7276baa90e24a4229781277d0eb318f223acc2a6ebbbb537006b76f218aa9e"]	"Gentest"	conflicting_slots	no	conflicting	unrepresentable	unavailable	rejected	conflicting_source_slots		none_recorded	["masculine"]	ordinary	["L788057$4471EBEA-D524-4BCC-92EA-1B455342EC10"]	{"s_pl_acc":["L788057-F9"],"s_pl_dat":["L788057-F8"],"s_pl_gen":["L788057-F7"],"s_pl_nom":["L788057-F6"],"s_sg_acc":["L788057-F5"],"s_sg_dat":["L788057-F4"],"s_sg_gen":["L788057-F2","L788057-F3"],"s_sg_nom":["L788057-F1"]}	[]	[]	["conflicting_slots"]	0	0
wdn_000127_N	L790448	["L790448"]	["019b86ce99558c8103fa117dd54e2c672a49e606277c65caab98593675f405bf"]	"Mieterverband"	conflicting_slots	no	conflicting	unrepresentable	unavailable	rejected	conflicting_source_slots		none_recorded	["masculine"]	ordinary	["L790448$5469B217-5C48-49BA-B905-2D3A956B9EB6"]	{"s_pl_acc":["L790448-F9"],"s_pl_dat":["L790448-F8"],"s_pl_gen":["L790448-F7"],"s_pl_nom":["L790448-F6"],"s_sg_acc":["L790448-F5"],"s_sg_dat":["L790448-F4"],"s_sg_gen":["L790448-F2","L790448-F3"],"s_sg_nom":["L790448-F1"]}	[]	[]	["conflicting_slots"]	0	0
wdn_000130_N	L792811	["L792811"]	["3a350c87e6f3f53238dacfeb06d63ce788284b29be5122c38cdcfa913fe24957"]	"Apfelschorle"	multiple_gender	no	complete	unrepresentable	unavailable	rejected	unresolved_multiple_gender_alternatives		explicit_compound_analysis	["feminine","neuter"]	ordinary	["L792811$107E13F8-923B-4A5E-8EB6-D90B72EEB162","L792811$6c98b3f3-49b9-0ce5-cbb7-c13ffe05c7dd","L792811$84a1893e-49cb-da5a-3df1-082cedf3bf68","L792811$CB735FDA-B4B6-4289-A9EE-315ED41BE494"]	{"s_pl_acc":["L792811-F8"],"s_pl_dat":["L792811-F6"],"s_pl_gen":["L792811-F4"],"s_pl_nom":["L792811-F2"],"s_sg_acc":["L792811-F7"],"s_sg_dat":["L792811-F5"],"s_sg_gen":["L792811-F3"],"s_sg_nom":["L792811-F1"]}	[]	[]	[]	0	0
wdn_000131_N	L794369	["L794369"]	["a22d096ad2e73c17b15e92f012bfd44cbe09618ddc1b3f1e4dd2b6ac1f7d8696"]	"Aerobic"	multiple_gender	no	none	unrepresentable	unavailable	rejected	unresolved_multiple_gender_alternatives		none_recorded	["feminine","neuter"]	ordinary	["L794369$6949DF64-9E9A-4596-9D29-9CB1B5302CAA","L794369$AC6EEBE3-6B88-49FE-B3E7-083E8DE317DD"]	{}	[]	[]	[]	0	0
wdn_000139_N	L798537	["L798537"]	["2041bffa3d4e65a37b38353bde8f0637e7058e5f92eb42ed2933dc4814c6db20"]	"Bondage"	multiple_gender	no	none	unrepresentable	unavailable	rejected	unresolved_multiple_gender_alternatives		none_recorded	["feminine","neuter"]	ordinary	["L798537$4FE0375A-997F-4B87-BFF0-2217F76CA6BF","L798537$C595484A-C6AA-438D-A6B7-FDC7AB1303CA"]	{}	[]	[]	[]	0	0
wdn_000141_N	L799013	["L799013"]	["1b323dbb07a72d4c28efea35bb56d13f4ecc714c8632ec1abc0b7e33016435de"]	"Skicross"	multiple_gender	no	none	unrepresentable	unavailable	rejected	unresolved_multiple_gender_alternatives		none_recorded	["masculine","neuter"]	ordinary	["L799013$19C42638-CC9F-4584-A1C2-0C451E2EEE3E","L799013$4DF43CE4-F93A-4D08-8C1A-2F7D8F4A923C"]	{}	[]	[]	[]	0	0
wdn_000145_N	L801502	["L801502"]	["dd6da2e5f7cc9ec54f74c68f9069c9de3d09370a8d68c6fe7b0885bcb2e0d5cd"]	"Edamer Käse"	multiword	no	none	unrepresentable	unavailable	rejected	multiword_outside_atomic_noun_pilot		none_recorded	["masculine"]	ordinary	["L801502$91B8BDA8-48CB-496A-8063-3216FB587BF7"]	{}	[]	[]	[]	0	0
wdn_000151_N	L808212	["L808212"]	["8237aec9eeffb55738b43d41e3e18513a85268624ef87bb63da20ddb9e1d761f"]	"Marschfox"	unknown_gender	no	complete	unrepresentable	unavailable	rejected	source_evidence_gap_missing_gender		none_recorded	[]	ordinary	[]	{"s_pl_acc":["L808212-F8"],"s_pl_dat":["L808212-F7"],"s_pl_gen":["L808212-F6"],"s_pl_nom":["L808212-F5"],"s_sg_acc":["L808212-F4"],"s_sg_dat":["L808212-F3"],"s_sg_gen":["L808212-F2"],"s_sg_nom":["L808212-F1"]}	[]	[]	["missing_gender"]	1	0
wdn_000152_N	L808486	["L808486"]	["27e5ba522bee4d18764a34af34d74ab8ebcb1dd6b703be0836c595100f269d6b"]	"Malzbonbon"	multiple_gender	no	complete	unrepresentable	unavailable	rejected	unresolved_multiple_gender_alternatives		none_recorded	["masculine","neuter"]	ordinary	["L808486$35ADE15B-37D7-4537-BF3E-B593852E77B8","L808486$BB14CABE-A5B3-42AE-9580-81AFFB922236"]	{"s_pl_acc":["L808486-F8"],"s_pl_dat":["L808486-F7"],"s_pl_gen":["L808486-F6"],"s_pl_nom":["L808486-F5"],"s_sg_acc":["L808486-F4"],"s_sg_dat":["L808486-F3"],"s_sg_gen":["L808486-F2"],"s_sg_nom":["L808486-F1"]}	[]	[]	[]	0	0
wdn_000156_N	L810211	["L810211"]	["8f00374f9c192f8146dba4d4016faf38751d16eac15a2afe92717071f21438d2"]	"Katzenjammer"	singular_only	no	complete	unrepresentable	unavailable	rejected	residual_api_gap_singular_only	missing_public_singular_only_noun_constructor	explicit_compound_analysis	["masculine"]	singular_only	["L810211$68fe7653-4599-d6bc-e61c-94a656260bfd","L810211$6beb2f95-4832-77e5-e007-2134804c4f31","L810211$7f5eba82-4adb-f293-f4f7-e590813c62fb","L810211$a04ee50b-4238-e043-ff50-ec9f19c7260d","L810211$b3658f19-74c2-4b65-89d7-e212ac2d14c5"]	{"s_sg_acc":["L810211-F4"],"s_sg_dat":["L810211-F3"],"s_sg_gen":["L810211-F2"],"s_sg_nom":["L810211-F1"]}	[]	[]	[]	0	0
wdn_000159_N	L813447	["L813447"]	["93b2fa18cba9c7b373ebe3d0d21848967c8940f8619bc8ca52ea3c47ff1d20f5"]	"Fußballmatch"	multiple_gender	no	none	unrepresentable	unavailable	rejected	unresolved_multiple_gender_alternatives		none_recorded	["masculine","neuter"]	ordinary	["L813447$6880C03C-EF61-4A64-8C82-11E3F89C0A26","L813447$C6AAD20E-CB2B-4D77-8721-F32B4051867A"]	{}	[]	[]	[]	0	0
wdn_000167_N	L824760	["L824760"]	["a08c83c8ad852b41275a40e6f3a28971ae922e280e66430877abcf0e5a1bca19"]	"Haushaltmittel"	plural_only	no	none	unrepresentable	unavailable	rejected	source_evidence_gap_missing_required_forms		none_recorded	[]	plural_only	["L824760$D67C4657-CFCA-4164-ADFF-7D064D6B683A"]	{}	[]	[]	["missing_gender"]	0	0
wdn_000172_N	L829784	["L829784"]	["38892a515cf5652406a090a3d6546384276f2e4466333ee8c2257b4c241394df"]	"Azetylen"	singular_only	no	complete	unrepresentable	unavailable	rejected	residual_api_gap_singular_only	missing_public_singular_only_noun_constructor	none_recorded	["neuter"]	singular_only	["L829784$28957A2A-ED48-49CE-A627-619B78CA02E2","L829784$75AA0D74-7E8E-4833-8812-999C110A97EB"]	{"s_sg_acc":["L829784-F4"],"s_sg_dat":["L829784-F3"],"s_sg_gen":["L829784-F2"],"s_sg_nom":["L829784-F1"]}	[]	[]	[]	0	0
wdn_000174_N	L831497	["L831497"]	["7da2958e20e329b8f6c17670731cc4f087a655750101d37bb7ba93ab324b6c0c"]	"Lehrmittel"	plural_only	no	partial	unrepresentable	unavailable	rejected	forms_conflict_with_number_restriction		none_recorded	[]	plural_only	["L831497$5D71816C-9AE6-4600-9370-A736327DE0AA"]	{"s_pl_acc":["L831497-F8"],"s_pl_dat":["L831497-F6"],"s_pl_gen":["L831497-F4"],"s_pl_nom":["L831497-F2"],"s_sg_acc":["L831497-F7"],"s_sg_dat":["L831497-F5"],"s_sg_gen":["L831497-F3"],"s_sg_nom":["L831497-F1"]}	[]	[]	["forms_conflict_with_number_restriction","missing_gender"]	0	0
wdn_000188_N	L847439	["L847439"]	["9df14be017d86d9410fcdd15d9467b01481d260ed42f6adb3b23be273002dea9"]	"Taschenspielerkunst"	unknown_gender	no	complete	unrepresentable	unavailable	rejected	source_evidence_gap_missing_gender		none_recorded	[]	ordinary	[]	{"s_pl_acc":["L847439-F8"],"s_pl_dat":["L847439-F7"],"s_pl_gen":["L847439-F6"],"s_pl_nom":["L847439-F5"],"s_sg_acc":["L847439-F4"],"s_sg_dat":["L847439-F3"],"s_sg_gen":["L847439-F2"],"s_sg_nom":["L847439-F1"]}	[]	[]	["missing_gender"]	1	0
wdn_000199_N	L857795	["L857795"]	["ac0206b065f1d54a24362260cc935aa62f092d49a5e51ad4651f567841fae26d"]	"Fettwulst"	multiple_gender	no	none	unrepresentable	unavailable	rejected	unresolved_multiple_gender_alternatives		none_recorded	["feminine","masculine"]	ordinary	["L857795$347969DA-C9DF-4779-A8A6-538787E54BFF","L857795$73FED4BE-1D58-465B-A6C4-4C84F2602DAB"]	{}	[]	[]	[]	0	0
wdn_000204_N	L864372	["L864372"]	["198a904202fe10c887e3e2ec35b6f280646d7fea67798afdebe90265aefe42a9"]	"Rebus"	multiple_gender	no	complete	unrepresentable	unavailable	rejected	unresolved_multiple_gender_alternatives		none_recorded	["masculine","neuter"]	ordinary	["L864372$94B72041-E9CC-4623-A7FB-299283C9C235","L864372$CFF9F5F1-43BD-4C54-9471-0D1E5D401091"]	{"s_pl_acc":["L864372-F8"],"s_pl_dat":["L864372-F6"],"s_pl_gen":["L864372-F4"],"s_pl_nom":["L864372-F2"],"s_sg_acc":["L864372-F7"],"s_sg_dat":["L864372-F5"],"s_sg_gen":["L864372-F3"],"s_sg_nom":["L864372-F1"]}	[]	[]	[]	0	0
wdn_000206_N	L865140	["L865140"]	["ff7cad4985d01f0b0107e3674b4ed254f291d81911889c437202c586aa30dc12"]	"Triangel"	multiple_gender	no	none	unrepresentable	unavailable	rejected	unresolved_multiple_gender_alternatives		none_recorded	["feminine","masculine","neuter"]	ordinary	["L865140$1EEEFC97-C956-419D-997A-FB448C404A80","L865140$5970A5F2-5C84-498F-9350-106A670B676D","L865140$C5B2E823-A1A2-4075-B790-6AA6CDC39A83"]	{}	[]	[]	[]	0	0
wdn_000208_N	L867966	["L867966"]	["567f967ead3a0425d11335352db34d4f890911f570d70e23e99d4e59a654bb53"]	"Ehesakrament"	conflicting_slots	no	conflicting	unrepresentable	unavailable	rejected	conflicting_source_slots		none_recorded	["neuter"]	ordinary	["L867966$5D2501D2-226F-4B4D-857D-81CD3ECEB25D"]	{"s_pl_acc":["L867966-F9"],"s_pl_dat":["L867966-F8"],"s_pl_gen":["L867966-F7"],"s_pl_nom":["L867966-F6"],"s_sg_acc":["L867966-F5"],"s_sg_dat":["L867966-F4"],"s_sg_gen":["L867966-F2","L867966-F3"],"s_sg_nom":["L867966-F1"]}	[]	[]	["conflicting_slots"]	0	0
wdn_000209_N	L868272	["L868272"]	["2f00a46aa0356ffa3e352bf54f2cdf331f701602b07c8ec0bd47e10e62920c39"]	"Lichtfilter"	multiple_gender	no	none	unrepresentable	unavailable	rejected	unresolved_multiple_gender_alternatives		none_recorded	["masculine","neuter"]	ordinary	["L868272$094C2E7C-082C-4F6B-80C1-D8DB29A5D625","L868272$854D937B-F7FB-43E1-9A8C-7A004D517C46"]	{}	[]	[]	[]	0	0
wdn_000212_N	L876261	["L876261"]	["63d90cf07377aa158fdea6abedd7f22cb451e8137fd94650be3e584567d05059"]	"C-Dur"	singular_only	no	complete	unrepresentable	unavailable	rejected	residual_api_gap_singular_only	missing_public_singular_only_noun_constructor	none_recorded	["neuter"]	singular_only	["L876261$0897AEF1-9C88-498D-A5AE-E385942260E6","L876261$EC663268-906C-4422-88F1-3ABB44D31814"]	{"s_sg_acc":["L876261-F4"],"s_sg_dat":["L876261-F3"],"s_sg_gen":["L876261-F2"],"s_sg_nom":["L876261-F1"]}	[]	[]	[]	0	0
wdn_000214_N	L877309	["L877309"]	["714de69997f59ad59ca9477b7a901483c78e98112f2849ec4f00a84e071d217c"]	"Bleilot"	conflicting_slots	no	conflicting	unrepresentable	unavailable	rejected	conflicting_source_slots		none_recorded	["neuter"]	ordinary	["L877309$77562fcb-be19-4932-8c27-ff2c2016314f"]	{"s_pl_acc":["L877309-F9"],"s_pl_dat":["L877309-F8"],"s_pl_gen":["L877309-F7"],"s_pl_nom":["L877309-F6"],"s_sg_acc":["L877309-F5"],"s_sg_dat":["L877309-F4"],"s_sg_gen":["L877309-F2","L877309-F3"],"s_sg_nom":["L877309-F1"]}	[]	[]	["conflicting_slots"]	0	0
wdn_000216_N	L879648	["L879648"]	["ada7b3aa79a68746bfe7c0b571d1f6ee7dc5585fd92955cd00c3535d3d433d03"]	"Zyan"	rejected_feature	no	conflicting	unrepresentable	unavailable	rejected	unsupported_form_feature		none_recorded	["neuter"]	ordinary	["L879648$8448A530-DE6D-4F85-8987-D2BD717AE614"]	{"s_sg_acc":["L879648-F4","L879648-F8"],"s_sg_dat":["L879648-F3","L879648-F7"],"s_sg_gen":["L879648-F2","L879648-F6"],"s_sg_nom":["L879648-F1","L879648-F5"]}	[]	[]	["conflicting_slots","rejected_noun_form_feature"]	0	0
wdn_000221_N	L885149	["L885149"]	["673bdf693ff40ceeadc543046bc64f117c0822e3b78e4c4b09161054d3ff1821"]	"Kraftborn"	conflicting_slots	no	conflicting	unrepresentable	unavailable	rejected	conflicting_source_slots		none_recorded	["masculine"]	ordinary	["L885149$d769b411-42e0-4a88-9971-f4090c7cb1f1"]	{"s_pl_acc":["L885149-F9"],"s_pl_dat":["L885149-F8"],"s_pl_gen":["L885149-F7"],"s_pl_nom":["L885149-F6"],"s_sg_acc":["L885149-F5"],"s_sg_dat":["L885149-F4"],"s_sg_gen":["L885149-F2","L885149-F3"],"s_sg_nom":["L885149-F1"]}	[]	[]	["conflicting_slots"]	0	0
wdn_000226_N	L890374	["L890374"]	["c9ed66ea322b8e5909b3d5416995e2169cae34c3a31f89bd04398c908e0bc73c"]	"Spaltholz"	unknown_gender	no	complete	unrepresentable	unavailable	rejected	source_evidence_gap_missing_gender		none_recorded	[]	ordinary	[]	{"s_pl_acc":["L890374-F8"],"s_pl_dat":["L890374-F7"],"s_pl_gen":["L890374-F6"],"s_pl_nom":["L890374-F5"],"s_sg_acc":["L890374-F4"],"s_sg_dat":["L890374-F3"],"s_sg_gen":["L890374-F2"],"s_sg_nom":["L890374-F1"]}	[]	[]	["missing_gender"]	1	0
wdn_000227_N	L890500	["L890500"]	["421e96a50bba9aed3428f83773c5095de1321b6404f2e02b4db09c0735dd3283"]	"Spaltaxt"	unknown_gender	no	complete	unrepresentable	unavailable	rejected	source_evidence_gap_missing_gender		none_recorded	[]	ordinary	[]	{"s_pl_acc":["L890500-F8"],"s_pl_dat":["L890500-F6"],"s_pl_gen":["L890500-F4"],"s_pl_nom":["L890500-F2"],"s_sg_acc":["L890500-F7"],"s_sg_dat":["L890500-F5"],"s_sg_gen":["L890500-F3"],"s_sg_nom":["L890500-F1"]}	[]	[]	["missing_gender"]	1	0
wdn_000231_N	L893504	["L893504"]	["f335f9145c24c33e59db2818b82b43890e2c8f58ce6faf59fc439957ec64422b"]	"Höllenspektakel"	multiple_gender	no	complete	unrepresentable	unavailable	rejected	unresolved_multiple_gender_alternatives		none_recorded	["masculine","neuter"]	ordinary	["L893504$26BEFBD1-232B-4763-B0D2-E206F7CDC6D8","L893504$CD1821B3-E0F3-406A-AA83-F32A70E8E046"]	{"s_pl_acc":["L893504-F8"],"s_pl_dat":["L893504-F6"],"s_pl_gen":["L893504-F4"],"s_pl_nom":["L893504-F2"],"s_sg_acc":["L893504-F7"],"s_sg_dat":["L893504-F5"],"s_sg_gen":["L893504-F3"],"s_sg_nom":["L893504-F1"]}	[]	[]	[]	0	0
wdn_000232_N	L895058	["L895058"]	["2e41a2fe0fae1776d9e455e1a3d7c86426f562d9a0314e9128cf53f071743e3e"]	"Geldmagnat"	irregular_full	no	complete	unrepresentable	unavailable	rejected	source_evidence_gap_missing_gender		none_recorded	[]	ordinary	[]	{"s_pl_acc":["L895058-F8"],"s_pl_dat":["L895058-F7"],"s_pl_gen":["L895058-F6"],"s_pl_nom":["L895058-F5"],"s_sg_acc":["L895058-F4"],"s_sg_dat":["L895058-F3"],"s_sg_gen":["L895058-F2"],"s_sg_nom":["L895058-F1"]}	[]	[]	["missing_gender"]	1	0
wdn_000235_N	L897295	["L897295"]	["a586899e3858c89ac866c1bc8da5b21eaab194fa768e4c8320b2c3ffe8c531db"]	"Geschwisterteil"	conflicting_slots	no	conflicting	unrepresentable	unavailable	rejected	conflicting_source_slots		explicit_compound_analysis	["masculine"]	ordinary	["L897295$31be07ea-4abb-1a6c-b72e-6f6342805a1c","L897295$A893B802-EB23-450D-8E33-FA5FD19085C9","L897295$a9b1e49e-41c6-eebe-6ac0-c4297cad4996"]	{"s_pl_acc":["L897295-F9"],"s_pl_dat":["L897295-F8"],"s_pl_gen":["L897295-F7"],"s_pl_nom":["L897295-F6"],"s_sg_acc":["L897295-F5"],"s_sg_dat":["L897295-F4"],"s_sg_gen":["L897295-F2","L897295-F3"],"s_sg_nom":["L897295-F1"]}	[]	[]	["conflicting_slots"]	0	0
wdn_000236_N	L897538	["L897538"]	["cecbba476413dade23304940e4876b5bc9cbce82aa28f3071bc1ea6b0e5cb2d9"]	"Geografiebuch"	rejected_feature	no	conflicting	unrepresentable	unavailable	rejected	unsupported_form_feature		explicit_compound_analysis	["neuter"]	ordinary	["L897538$11C8E7E0-D863-4BEA-BE41-6FB56D1504DE","L897538$6D43D634-A33E-495B-846B-89611352C254","L897538$78A9E16E-F58F-4F80-9C9A-A72989A979F2"]	{"s_pl_acc":["L897538-F18","L897538-F9"],"s_pl_dat":["L897538-F17","L897538-F8"],"s_pl_gen":["L897538-F16","L897538-F7"],"s_pl_nom":["L897538-F15","L897538-F6"],"s_sg_acc":["L897538-F14","L897538-F5"],"s_sg_dat":["L897538-F13","L897538-F4"],"s_sg_gen":["L897538-F11","L897538-F12","L897538-F2","L897538-F3"],"s_sg_nom":["L897538-F1","L897538-F10"]}	[]	[]	["conflicting_slots","rejected_noun_form_feature"]	0	0
wdn_000246_N	L906107	["L906107"]	["a7dbcf92f02d634d87d20985ff4fe73aaf315f177f3fbdae52ae93b359aa5fb7"]	"90er Jahre"	multiword	no	none	unrepresentable	unavailable	rejected	multiword_outside_atomic_noun_pilot		none_recorded	[]	plural_only	["L906107$F08817AF-AC1D-408E-A9FC-5B46C71B8ED8"]	{}	[]	[]	["missing_gender"]	0	0
wdn_000247_N	L907137	["L907137"]	["c7442967b0265b63ad8e65717a8c7db3298e9790683766cb63d041c09f886c07"]	"Bun"	multiple_gender	no	complete	unrepresentable	unavailable	rejected	unresolved_multiple_gender_alternatives		none_recorded	["masculine","neuter"]	ordinary	["L907137$4DA3E13D-17B5-4D4C-8FBA-36EC1744FFF5","L907137$B2D038B6-2E85-4D7F-BCF7-71BD07F341F9"]	{"s_pl_acc":["L907137-F8"],"s_pl_dat":["L907137-F6"],"s_pl_gen":["L907137-F4"],"s_pl_nom":["L907137-F2"],"s_sg_acc":["L907137-F7"],"s_sg_dat":["L907137-F5"],"s_sg_gen":["L907137-F3"],"s_sg_nom":["L907137-F1"]}	[]	[]	[]	0	0
wdn_000277_N	L931894	["L931894"]	["9cbc22025070a5805b60cd6920f76dc3632f453585b889edf431088f9ca0aa5b"]	"Sierra Leonerin"	multiword	no	none	unrepresentable	unavailable	rejected	multiword_outside_atomic_noun_pilot		none_recorded	["feminine"]	ordinary	["L931894$69C0330A-2C71-4C9A-8165-886CF3C72E6E"]	{}	[]	[]	[]	0	0
wdn_000278_N	L932960	["L932960"]	["f7738d7500d7294367e98fc7501c9a2a7e53210accebba26cc885e330564fb80"]	"Old School"	multiword	no	none	unrepresentable	unavailable	rejected	multiword_outside_atomic_noun_pilot		none_recorded	["feminine"]	ordinary	["L932960$C9EBEC69-6D49-43DA-8300-6E48D7EC4E54"]	{}	[]	[]	[]	0	0
wdn_000281_N	L933359	["L933359"]	["e9dc148bd9b7844589d5a606153539aa57231803f0fbc2c4df16b984eef64e76"]	"Ménage à trois"	multiword	no	none	unrepresentable	unavailable	rejected	multiword_outside_atomic_noun_pilot		none_recorded	["feminine"]	ordinary	["L933359$5BECD7F8-631E-42A3-BF9A-7BB078D359FB"]	{}	[]	[]	[]	0	0
wdn_000283_N	L934280	["L934280"]	["d09c7675df783ba60dbde0f029fd09a9a8091010f0fa37ade3b28c9edcb042a7"]	"High End"	multiword	no	none	unrepresentable	unavailable	rejected	multiword_outside_atomic_noun_pilot		none_recorded	["neuter"]	ordinary	["L934280$09205D20-CDF0-4C60-93DB-06640C840554"]	{}	[]	[]	[]	0	0
wdn_000294_N	L1073840	["L1073840"]	["8e1a04c62cac106aa762d52a5770f394a3e20df65c963cceeba64627c95ec386"]	"Ball"	rejected_feature	no	conflicting	unrepresentable	unavailable	rejected	unsupported_form_feature		component_target	["masculine"]	ordinary	["L1073840$14020C48-D2B7-4EFB-A8CC-F9D15E6A355B"]	{"s_pl_acc":["L1073840-F9"],"s_pl_dat":["L1073840-F8"],"s_pl_gen":["L1073840-F7"],"s_pl_nom":["L1073840-F6"],"s_sg_acc":["L1073840-F5"],"s_sg_dat":["L1073840-F10","L1073840-F4"],"s_sg_gen":["L1073840-F2","L1073840-F3"],"s_sg_nom":["L1073840-F1"]}	[]	[]	["conflicting_slots","rejected_noun_form_feature"]	0	0
wdn_000304_N	L1426060	["L1426060"]	["679a32516a5bc4885482cdf9192a29e3e5f48c5ea27d2527bed27d636204d443"]	"DDR-Kind"	conflicting_slots	no	conflicting	unrepresentable	unavailable	rejected	conflicting_source_slots		none_recorded	["neuter"]	ordinary	["L1426060$02DB986E-6A31-4C7B-BD08-2D9F1B3D5E81"]	{"s_pl_acc":["L1426060-F9"],"s_pl_dat":["L1426060-F8"],"s_pl_gen":["L1426060-F7"],"s_pl_nom":["L1426060-F6"],"s_sg_acc":["L1426060-F5"],"s_sg_dat":["L1426060-F4"],"s_sg_gen":["L1426060-F2","L1426060-F3"],"s_sg_nom":["L1426060-F1"]}	[]	[]	["conflicting_slots"]	0	0
wdn_000312_N	L1428251	["L1428251"]	["8b51e44de400f54c32e3297835ae3c0cb8ee93cf9befb3f45685dd9d94430197"]	"Fischerverein"	conflicting_slots	no	conflicting	unrepresentable	unavailable	rejected	conflicting_source_slots		none_recorded	["masculine"]	ordinary	["L1428251$0C966700-53C9-4FBF-ADFD-618B9B540E0A"]	{"s_pl_acc":["L1428251-F9"],"s_pl_dat":["L1428251-F8"],"s_pl_gen":["L1428251-F7"],"s_pl_nom":["L1428251-F6"],"s_sg_acc":["L1428251-F5"],"s_sg_dat":["L1428251-F4"],"s_sg_gen":["L1428251-F2","L1428251-F3"],"s_sg_nom":["L1428251-F1"]}	[]	[]	["conflicting_slots"]	0	0
wdn_000316_N	L1430569	["L1430569"]	["62a560fa45cde462b21e831fb1e97f68b82e77f94d984844a50f038ca56e63e1"]	"Heizungsthermostat"	multiple_gender	no	none	unrepresentable	unavailable	rejected	unresolved_multiple_gender_alternatives		none_recorded	["masculine","neuter"]	ordinary	["L1430569$1AE0A77B-3067-473C-9AB1-580D030046FB","L1430569$D6C3ABC9-4B09-43BD-9CF9-DCBDD6EFAE47"]	{}	[]	[]	[]	0	0
wdn_000329_N	L1436478	["L1436478"]	["079f0a237e1ee83e9c66bdc72d788e475f7819aa3f77c4d2119e801283cf782d"]	"Pareo"	conflicting_slots	no	conflicting	unrepresentable	unavailable	rejected	conflicting_source_slots		none_recorded	["masculine"]	ordinary	["L1436478$0B0A7D7F-DAC2-444D-A1FF-9F5E71CA34EA"]	{"s_pl_acc":["L1436478-F9"],"s_pl_dat":["L1436478-F8"],"s_pl_gen":["L1436478-F7"],"s_pl_nom":["L1436478-F6"],"s_sg_acc":["L1436478-F5"],"s_sg_dat":["L1436478-F4"],"s_sg_gen":["L1436478-F2","L1436478-F3"],"s_sg_nom":["L1436478-F1"]}	[]	[]	["conflicting_slots"]	0	0
wdn_000340_N	L1443812	["L1443812"]	["1f057f36b076c68aa866b5ef27a5da2dc819e410169a6f679f1387ebd13a5f0d"]	"Weltcup-Gesamtsieg"	conflicting_slots	no	conflicting	unrepresentable	unavailable	rejected	conflicting_source_slots		none_recorded	["masculine"]	ordinary	["L1443812$FAC201DC-A07B-475A-A49A-1C0060128869"]	{"s_pl_acc":["L1443812-F9"],"s_pl_dat":["L1443812-F8"],"s_pl_gen":["L1443812-F7"],"s_pl_nom":["L1443812-F6"],"s_sg_acc":["L1443812-F5"],"s_sg_dat":["L1443812-F4"],"s_sg_gen":["L1443812-F2","L1443812-F3"],"s_sg_nom":["L1443812-F1"]}	[]	[]	["conflicting_slots"]	0	0
wdn_000342_N	L1444576	["L1444576"]	["c27dcb4f52307335b38b7bd41dc8a0e7a24814934eacee1adfd617e2dac423e0"]	"Zinsumfeld"	conflicting_slots	no	conflicting	unrepresentable	unavailable	rejected	conflicting_source_slots		none_recorded	["neuter"]	ordinary	["L1444576$D1B4047D-15F2-495E-B9FF-26A653096D70"]	{"s_sg_acc":["L1444576-F5"],"s_sg_dat":["L1444576-F4"],"s_sg_gen":["L1444576-F2","L1444576-F3"],"s_sg_nom":["L1444576-F1"]}	[]	[]	["conflicting_slots"]	0	0
wdn_000346_N	L1453385	["L1453385"]	["61ce63d3c35808bdcb19a4d5b95cdab8cf643f9bb76b26ae4b4ffcbf1cf07f62"]	"Widmanstättensche Figuren"	rejected_feature	no	conflicting	unrepresentable	unavailable	rejected	unsupported_form_feature		none_recorded	["feminine"]	plural_only	["L1453385$544DD728-6FD3-45F2-B2FA-5F9E2AE9FF10","L1453385$6D37B4EB-A3EA-4AAA-BBA3-FAA1B83724A6"]	{"s_pl_acc":["L1453385-F4","L1453385-F8"],"s_pl_dat":["L1453385-F3","L1453385-F7"],"s_pl_gen":["L1453385-F2","L1453385-F6"],"s_pl_nom":["L1453385-F1","L1453385-F5"]}	[]	[]	["conflicting_slots","rejected_noun_form_feature"]	0	0
wdn_000349_N	L1471229	["L1471229"]	["283eb6b23918159a4bc3ad4bd9487ea24fb0a94474fdc3beaf30b372ce5e1fec"]	"Vertretungsunterricht"	conflicting_slots	no	conflicting	unrepresentable	unavailable	rejected	conflicting_source_slots		none_recorded	["masculine"]	ordinary	["L1471229$F7C22EDD-AFAF-43DB-810F-67A6A593F9CB"]	{"s_sg_acc":["L1471229-F5"],"s_sg_dat":["L1471229-F4"],"s_sg_gen":["L1471229-F2","L1471229-F3"],"s_sg_nom":["L1471229-F1"]}	[]	[]	["conflicting_slots"]	0	0
wdn_000351_N	L1560519	["L1560519"]	["b5a57bc3e57e67f6bc28a1516dfd3879455618a2444ef49d7cfda182dc4441a1"]	"A-Jugendlicher"	rejected_feature	no	conflicting	unrepresentable	unavailable	rejected	unsupported_form_feature		none_recorded	["masculine"]	ordinary	["L1560519$862C396D-1ACA-43FA-885B-C80CADE913DB"]	{"s_pl_acc":["L1560519-F11","L1560519-F12"],"s_pl_dat":["L1560519-F10"],"s_pl_gen":["L1560519-F8","L1560519-F9"],"s_pl_nom":["L1560519-F6","L1560519-F7"],"s_sg_acc":["L1560519-F5"],"s_sg_dat":["L1560519-F4"],"s_sg_gen":["L1560519-F3"],"s_sg_nom":["L1560519-F1","L1560519-F2"]}	[]	[]	["conflicting_slots","rejected_noun_form_feature"]	0	0
wdn_000352_N	L1560520	["L1560520"]	["2b5b6b841fdc09f87af7a25b6c67b0328c5b29e77cfc846d4059285617d781ff"]	"A-Jugendliche"	rejected_feature	no	conflicting	unrepresentable	unavailable	rejected	unsupported_form_feature		none_recorded	["feminine"]	ordinary	["L1560520$0630F289-B3FF-4E9D-A863-95716CE7C631"]	{"s_pl_acc":["L1560520-F10","L1560520-F11"],"s_pl_dat":["L1560520-F9"],"s_pl_gen":["L1560520-F7","L1560520-F8"],"s_pl_nom":["L1560520-F5","L1560520-F6"],"s_sg_acc":["L1560520-F4"],"s_sg_dat":["L1560520-F3"],"s_sg_gen":["L1560520-F2"],"s_sg_nom":["L1560520-F1"]}	[]	[]	["conflicting_slots","rejected_noun_form_feature"]	0	0
